{
    "0": "軒軒",
    "1": "怡君",
    "2": "欣怡",
    "3": "雅雯",
    "4": "心怡",
    "5": "志豪",
    "6": "雅婷",
    "7": "雅惠",
    "8": "家豪",
    "9": "雅玲",
    "10": "靜怡",
    "11": "志偉",
    "12": "俊宏",
    "13": "建宏",
    "14": "佩君",
    "15": "怡婷",
    "16": "淑芬",
    "17": "靜宜",
    "18": "俊傑",
    "19": "怡如",
    "20": "家銘",
    "21": "佳玲",
    "22": "慧君",
    "23": "怡伶",
    "24": "雅芳",
    "25": "宗翰",
    "26": "志宏",
    "27": "淑娟",
    "28": "信宏",
    "29": "志強",
    "30": "淑婷",
    "31": "佩珊",
    "32": "佳慧",
    "33": "佳蓉",
    "34": "佳穎",
    "35": "淑惠",
    "36": "智偉",
    "37": "欣儀",
    "38": "嘉玲",
    "39": "雅慧",
    "40": "惠雯",
    "41": "明哲",
    "42": "玉婷",
    "43": "惠如",
    "44": "惠君",
    "45": "宜芳",
    "46": "惠婷",
    "47": "淑華",
    "48": "志明",
    "49": "雅芬",
    "50": "家榮",
    "51": "俊賢",
    "52": "俊豪",
    "53": "慧玲",
    "54": "嘉宏",
    "55": "佩芬",
    "56": "佳樺",
    "57": "雅琪",
    "58": "淑萍",
    "59": "淑君",
    "60": "婉婷",
    "61": "佳琪",
    "62": "韻如",
    "63": "詩婷",
    "64": "建良",
    "65": "芳儀",
    "66": "宜君",
    "67": "佩蓉",
    "68": "志銘",
    "69": "雅鈴",
    "70": "建文",
    "71": "佩玲",
    "72": "鈺婷",
    "73": "雅萍",
    "74": "立偉",
    "75": "文傑",
    "76": "慧如",
    "77": "淑慧",
    "78": "佳宏",
    "79": "志遠",
    "80": "靜儀",
    "81": "惠玲",
    "82": "淑玲",
    "83": "美君",
    "84": "怡慧",
    "85": "千慧",
    "86": "馨儀",
    "87": "嘉慧",
    "88": "家瑋",
    "89": "美慧",
    "90": "美玲",
    "91": "建志",
    "92": "宗憲",
    "93": "筱婷",
    "94": "靜雯",
    "95": "雅君",
    "96": "彥廷",
    "97": "怡靜",
    "98": "玉玲",
    "99": "郁婷",
    "100": "俊男",
    "101": "靜波",
    "102": "冷雲",
    "103": "平雙",
    "104": "懷曼",
    "105": "曼萍",
    "106": "詩涵",
    "107": "小雪",
    "108": "靚香",
    "109": "聽爾",
    "110": "半松",
    "111": "水福",
    "112": "飛連",
    "113": "曼竹",
    "114": "思綠",
    "115": "綠檸",
    "116": "邵天",
    "117": "傑西",
    "118": "向雲",
    "119": "海藍",
    "120": "奧白",   
    "121": "小九",
    "122": "敬騰",
    "123": "境庭",
    "124": "文州",
    "125": "文清",
    "126": "清照",
    "127": "宏偉",
    "128": "天火",
    "129": "空丸",
    "130": "太郎",
    "131": "辰宇",
    "132": "愛秋",
    "133": "以辰",
    "134": "宇辰",
    "135": "少天",
    "136": "小別",
    "137": "捷希",
    "138": "海露",
    "139": "幻絲",
    "140": "幼霜",    
    "141": "莫凡",
    "142": "與琛",
    "143": "小明",
    "144": "小華",
    "145": "小美",
    "146": "小花",
    "147": "想郎",
    "148": "梅林",
    "149": "小櫻",
    "150": "小郎",   
    "151": "一凡",
    "152": "英傑",
    "153": "慕誠",
    "154": "暮秋",
    "155": "憐雁",
    "156": "涵柳",
    "157": "妙寒",
    "158": "冰白",
    "159": "勁松",
    "160": "冰雲",
    "161": "尋真",
    "162": "水杉",
    "163": "秋勤",
    "164": "夏維",
    "165": "幼蜂",
    "166": "懷夢",
    "167": "與波",
    "168": "山珍",
    "169": "與夢",
    "170": "白下",   
    "171": "子丹",
    "172": "韓寒",
    "173": "夢夢",
    "174": "連連",
    "175": "孟冬",
    "176": "向東",
    "177": "綠綠",
    "178": "姍姍",
    "179": "小珊",
    "180": "渙渙",
    "181": "無羨",
    "182": "忘機",
    "183": "脆翠",
    "184": "柔柔",
    "185": "東慢",
    "186": "樂樂",
    "187": "阡竹",
    "188": "小桃",
    "189": "小榮",
    "190": "小蓉",
    "191": "天柳",
    "192": "桃桃",
    "193": "梅梅",
    "194": "貞貞",
    "195": "宣萱",
    "196": "蔓蔓",
    "197": "綺貞",
    "198": "如萱",
    "199": "進晉",
    "200": "枝蔓",   
    "201": "依依",
    "202": "依路",
    "203": "春春",
    "204": "綺春",
    "205": "寧寧",
    "206": "以雲",
    "207": "又伯",
    "208": "零蕾",
    "209": "雪燕",
    "210": "安安",
    "211": "小安",
    "212": "恨雲",
    "213": "以藍",
    "214": "以蘭",
    "215": "春容",
    "216": "拂芙",
    "217": "小幅",
    "218": "晴晴",
    "219": "微微",
    "220": "彩采",   
    "221": "書書",
    "222": "菲菲",
    "223": "非遙",
    "224": "翼南",
    "225": "擇言",
    "226": "奇洛",
    "227": "喃喃",
    "228": "小南",
    "229": "小溪",
    "230": "小北",
    "231": "小合",
    "232": "阿彩",
    "233": "智智",
    "234": "小至",
    "235": "小剛",
    "236": "小霞",
    "237": "暇霞",
    "238": "小香",
    "239": "尚香",
    "240": "雲長",   
    "241": "一德",
    "242": "玄得",
    "243": "阿瞞",
    "244": "小鐘",
    "245": "小新",
    "246": "曉欣",
    "247": "曉昕",
    "248": "新月",
    "249": "欣悅",
    "250": "心越",
    "251": "馨月",
    "252": "新躍",
    "253": "鑫越",
    "254": "昕岳",
    "255": "月樂",
    "256": "笑越",
    "257": "小岳",
    "258": "森森",
    "259": "參森",
    "260": "零玖",
    "261": "豐澤",
    "262": "尾紅",
    "263": "凱勒",
    "264": "鎧晞",
    "265": "與儂",
    "266": "大根",
    "267": "紅豆",
    "268": "元元",
    "269": "志翔",
    "270": "尾晉",    
    "271": "鬱鬱",
    "272": "小玉",
    "273": "思思",
    "274": "喬登",
    "275": "約翰",
    "276": "馬里",
    "277": "馬利",
    "278": "瑪莉",
    "279": "麗雅",
    "280": "莉莉",
    "281": "秉瑞",
    "282": "景軒",
    "283": "環靜",
    "284": "燕魚",
    "285": "閩恩",
    "286": "慈慈",
    "287": "小慈",
    "288": "沛瓷",
    "289": "曉曉",
    "290": "有覺",
    "291": "婷家",
    "292": "城尾",
    "293": "冠純",
    "294": "純如",
    "295": "文彥",
    "296": "皓程",
    "297": "凱浩",
    "298": "麗儂",
    "299": "彥竣",
    "300": "名昊"
}
