{
    "date": "0",
    "schedule": [
        {
            "bus_driver_id": 0,
            "bus_driver_schedule": []
        },
        {
            "bus_driver_id": 1,
            "bus_driver_schedule": []
        },
        {
            "bus_driver_id": 2,
            "bus_driver_schedule": []
        },
        {
            "bus_driver_id": 3,
            "bus_driver_schedule": []
        },
        {
            "bus_driver_id": 4,
            "bus_driver_schedule": []
        },
        {
            "bus_driver_id": 5,
            "bus_driver_schedule": [
                {
                    "route_id": 2,
                    "route_item_id": 0,
                    "route_detail_id": -1
                },
                {
                    "route_id": 2,
                    "route_item_id": 1,
                    "route_detail_id": 0
                },
                {
                    "route_id": 2,
                    "route_item_id": 0,
                    "route_detail_id": -1
                },
                {
                    "route_id": 2,
                    "route_item_id": 1,
                    "route_detail_id": 2
                },
                {
                    "route_id": 0,
                    "route_item_id": 0,
                    "route_detail_id": 1
                },
                {
                    "route_id": 0,
                    "route_item_id": 1,
                    "route_detail_id": -1
                },
                {
                    "route_id": 0,
                    "route_item_id": 0,
                    "route_detail_id": 6
                },
                {
                    "route_id": 0,
                    "route_item_id": 1,
                    "route_detail_id": -1
                },
                {
                    "route_id": 0,
                    "route_item_id": 0,
                    "route_detail_id": 8
                },
                {
                    "route_id": 0,
                    "route_item_id": 1,
                    "route_detail_id": -1
                },
                {
                    "route_id": 2,
                    "route_item_id": 0,
                    "route_detail_id": 16
                },
                {
                    "route_id": 2,
                    "route_item_id": 1,
                    "route_detail_id": 19
                },
                {
                    "route_id": 0,
                    "route_item_id": 0,
                    "route_detail_id": 11
                },
                {
                    "route_id": 0,
                    "route_item_id": 1,
                    "route_detail_id": -1
                },
                {
                    "route_id": 1,
                    "route_item_id": 0,
                    "route_detail_id": 14
                },
                {
                    "route_id": 1,
                    "route_item_id": 1,
                    "route_detail_id": -1
                }
            ]
        },
        {
            "bus_driver_id": 6,
            "bus_driver_schedule": [
                {
                    "route_id": 2,
                    "route_item_id": 0,
                    "route_detail_id": -1
                },
                {
                    "route_id": 2,
                    "route_item_id": 1,
                    "route_detail_id": 1
                },
                {
                    "route_id": 2,
                    "route_item_id": 0,
                    "route_detail_id": -1
                },
                {
                    "route_id": 2,
                    "route_item_id": 1,
                    "route_detail_id": 3
                },
                {
                    "route_id": 2,
                    "route_item_id": 0,
                    "route_detail_id": 1
                },
                {
                    "route_id": 2,
                    "route_item_id": 1,
                    "route_detail_id": 5
                },
                {
                    "route_id": 0,
                    "route_item_id": 0,
                    "route_detail_id": 5
                },
                {
                    "route_id": 0,
                    "route_item_id": 1,
                    "route_detail_id": -1
                },
                {
                    "route_id": 0,
                    "route_item_id": 0,
                    "route_detail_id": 7
                },
                {
                    "route_id": 0,
                    "route_item_id": 1,
                    "route_detail_id": -1
                },
                {
                    "route_id": 0,
                    "route_item_id": 0,
                    "route_detail_id": 9
                },
                {
                    "route_id": 0,
                    "route_item_id": 1,
                    "route_detail_id": -1
                },
                {
                    "route_id": 2,
                    "route_item_id": 0,
                    "route_detail_id": 18
                },
                {
                    "route_id": 2,
                    "route_item_id": 1,
                    "route_detail_id": 21
                },
                {
                    "route_id": 0,
                    "route_item_id": 0,
                    "route_detail_id": 13
                },
                {
                    "route_id": 0,
                    "route_item_id": 1,
                    "route_detail_id": -1
                }
            ]
        },
        {
            "bus_driver_id": 7,
            "bus_driver_schedule": [
                {
                    "route_id": 0,
                    "route_item_id": 0,
                    "route_detail_id": 0
                },
                {
                    "route_id": 0,
                    "route_item_id": 1,
                    "route_detail_id": -1
                },
                {
                    "route_id": 0,
                    "route_item_id": 0,
                    "route_detail_id": 3
                },
                {
                    "route_id": 0,
                    "route_item_id": 1,
                    "route_detail_id": -1
                },
                {
                    "route_id": 2,
                    "route_item_id": 0,
                    "route_detail_id": 9
                },
                {
                    "route_id": 2,
                    "route_item_id": 1,
                    "route_detail_id": 13
                },
                {
                    "route_id": 2,
                    "route_item_id": 0,
                    "route_detail_id": 14
                },
                {
                    "route_id": 2,
                    "route_item_id": 1,
                    "route_detail_id": 17
                },
                {
                    "route_id": 1,
                    "route_item_id": 0,
                    "route_detail_id": 10
                },
                {
                    "route_id": 1,
                    "route_item_id": 1,
                    "route_detail_id": -1
                },
                {
                    "route_id": 0,
                    "route_item_id": 0,
                    "route_detail_id": 12
                },
                {
                    "route_id": 0,
                    "route_item_id": 1,
                    "route_detail_id": -1
                },
                {
                    "route_id": 1,
                    "route_item_id": 0,
                    "route_detail_id": 15
                },
                {
                    "route_id": 1,
                    "route_item_id": 1,
                    "route_detail_id": -1
                },
                {
                    "route_id": 2,
                    "route_item_id": 0,
                    "route_detail_id": 24
                },
                {
                    "route_id": 2,
                    "route_item_id": 1,
                    "route_detail_id": 27
                }
            ]
        },
        {
            "bus_driver_id": 8,
            "bus_driver_schedule": [
                {
                    "route_id": 1,
                    "route_item_id": 0,
                    "route_detail_id": 0
                },
                {
                    "route_id": 1,
                    "route_item_id": 1,
                    "route_detail_id": -1
                },
                {
                    "route_id": 2,
                    "route_item_id": 0,
                    "route_detail_id": 5
                },
                {
                    "route_id": 2,
                    "route_item_id": 1,
                    "route_detail_id": 9
                },
                {
                    "route_id": 1,
                    "route_item_id": 0,
                    "route_detail_id": 5
                },
                {
                    "route_id": 1,
                    "route_item_id": 1,
                    "route_detail_id": -1
                },
                {
                    "route_id": 4,
                    "route_item_id": 0,
                    "route_detail_id": 12
                },
                {
                    "route_id": 4,
                    "route_item_id": 1,
                    "route_detail_id": 15
                },
                {
                    "route_id": 1,
                    "route_item_id": 0,
                    "route_detail_id": 12
                },
                {
                    "route_id": 1,
                    "route_item_id": 1,
                    "route_detail_id": -1
                },
                {
                    "route_id": 2,
                    "route_item_id": 0,
                    "route_detail_id": 21
                },
                {
                    "route_id": 2,
                    "route_item_id": 1,
                    "route_detail_id": 24
                },
                {
                    "route_id": 1,
                    "route_item_id": 0,
                    "route_detail_id": 16
                },
                {
                    "route_id": 1,
                    "route_item_id": 1,
                    "route_detail_id": -1
                },
                {
                    "route_id": 0,
                    "route_item_id": 0,
                    "route_detail_id": 18
                },
                {
                    "route_id": 0,
                    "route_item_id": 1,
                    "route_detail_id": -1
                }
            ]
        },
        {
            "bus_driver_id": 9,
            "bus_driver_schedule": [
                {
                    "route_id": 4,
                    "route_item_id": 0,
                    "route_detail_id": -1
                },
                {
                    "route_id": 4,
                    "route_item_id": 1,
                    "route_detail_id": 0
                },
                {
                    "route_id": 1,
                    "route_item_id": 0,
                    "route_detail_id": 2
                },
                {
                    "route_id": 1,
                    "route_item_id": 1,
                    "route_detail_id": -1
                },
                {
                    "route_id": 2,
                    "route_item_id": 0,
                    "route_detail_id": 7
                },
                {
                    "route_id": 2,
                    "route_item_id": 1,
                    "route_detail_id": 11
                },
                {
                    "route_id": 2,
                    "route_item_id": 0,
                    "route_detail_id": 13
                },
                {
                    "route_id": 2,
                    "route_item_id": 1,
                    "route_detail_id": 16
                },
                {
                    "route_id": 1,
                    "route_item_id": 0,
                    "route_detail_id": 9
                },
                {
                    "route_id": 1,
                    "route_item_id": 1,
                    "route_detail_id": -1
                },
                {
                    "route_id": 2,
                    "route_item_id": 0,
                    "route_detail_id": 17
                },
                {
                    "route_id": 2,
                    "route_item_id": 1,
                    "route_detail_id": 20
                },
                {
                    "route_id": 2,
                    "route_item_id": 0,
                    "route_detail_id": 19
                },
                {
                    "route_id": 2,
                    "route_item_id": 1,
                    "route_detail_id": 22
                },
                {
                    "route_id": 0,
                    "route_item_id": 0,
                    "route_detail_id": 14
                },
                {
                    "route_id": 0,
                    "route_item_id": 1,
                    "route_detail_id": -1
                }
            ]
        },
        {
            "bus_driver_id": 10,
            "bus_driver_schedule": [
                {
                    "route_id": 4,
                    "route_item_id": 0,
                    "route_detail_id": 0
                },
                {
                    "route_id": 4,
                    "route_item_id": 1,
                    "route_detail_id": 3
                },
                {
                    "route_id": 1,
                    "route_item_id": 0,
                    "route_detail_id": 4
                },
                {
                    "route_id": 1,
                    "route_item_id": 1,
                    "route_detail_id": -1
                },
                {
                    "route_id": 2,
                    "route_item_id": 0,
                    "route_detail_id": 10
                },
                {
                    "route_id": 2,
                    "route_item_id": 1,
                    "route_detail_id": 14
                },
                {
                    "route_id": 2,
                    "route_item_id": 0,
                    "route_detail_id": 15
                },
                {
                    "route_id": 2,
                    "route_item_id": 1,
                    "route_detail_id": 18
                },
                {
                    "route_id": 1,
                    "route_item_id": 0,
                    "route_detail_id": 11
                },
                {
                    "route_id": 1,
                    "route_item_id": 1,
                    "route_detail_id": -1
                },
                {
                    "route_id": 2,
                    "route_item_id": 0,
                    "route_detail_id": 20
                },
                {
                    "route_id": 2,
                    "route_item_id": 1,
                    "route_detail_id": 23
                },
                {
                    "route_id": 0,
                    "route_item_id": 0,
                    "route_detail_id": 15
                },
                {
                    "route_id": 0,
                    "route_item_id": 1,
                    "route_detail_id": -1
                },
                {
                    "route_id": 4,
                    "route_item_id": 0,
                    "route_detail_id": 23
                },
                {
                    "route_id": 4,
                    "route_item_id": 1,
                    "route_detail_id": 26
                }
            ]
        },
        {
            "bus_driver_id": 11,
            "bus_driver_schedule": [
                {
                    "route_id": 2,
                    "route_item_id": 0,
                    "route_detail_id": 0
                },
                {
                    "route_id": 2,
                    "route_item_id": 1,
                    "route_detail_id": 4
                },
                {
                    "route_id": 2,
                    "route_item_id": 0,
                    "route_detail_id": 2
                },
                {
                    "route_id": 2,
                    "route_item_id": 1,
                    "route_detail_id": 6
                },
                {
                    "route_id": 4,
                    "route_item_id": 0,
                    "route_detail_id": 6
                },
                {
                    "route_id": 4,
                    "route_item_id": 1,
                    "route_detail_id": 9
                },
                {
                    "route_id": 4,
                    "route_item_id": 0,
                    "route_detail_id": 13
                },
                {
                    "route_id": 4,
                    "route_item_id": 1,
                    "route_detail_id": 16
                },
                {
                    "route_id": 1,
                    "route_item_id": 0,
                    "route_detail_id": 13
                },
                {
                    "route_id": 1,
                    "route_item_id": 1,
                    "route_detail_id": -1
                },
                {
                    "route_id": 4,
                    "route_item_id": 0,
                    "route_detail_id": 20
                },
                {
                    "route_id": 4,
                    "route_item_id": 1,
                    "route_detail_id": 23
                }
            ]
        },
        {
            "bus_driver_id": 12,
            "bus_driver_schedule": [
                {
                    "route_id": 4,
                    "route_item_id": 0,
                    "route_detail_id": -1
                },
                {
                    "route_id": 4,
                    "route_item_id": 1,
                    "route_detail_id": 1
                },
                {
                    "route_id": 2,
                    "route_item_id": 0,
                    "route_detail_id": 4
                },
                {
                    "route_id": 2,
                    "route_item_id": 1,
                    "route_detail_id": 8
                },
                {
                    "route_id": 2,
                    "route_item_id": 0,
                    "route_detail_id": 6
                },
                {
                    "route_id": 2,
                    "route_item_id": 1,
                    "route_detail_id": 10
                },
                {
                    "route_id": 1,
                    "route_item_id": 0,
                    "route_detail_id": 7
                },
                {
                    "route_id": 1,
                    "route_item_id": 1,
                    "route_detail_id": -1
                },
                {
                    "route_id": 0,
                    "route_item_id": 0,
                    "route_detail_id": 10
                },
                {
                    "route_id": 0,
                    "route_item_id": 1,
                    "route_detail_id": -1
                },
                {
                    "route_id": 4,
                    "route_item_id": 0,
                    "route_detail_id": 17
                },
                {
                    "route_id": 4,
                    "route_item_id": 1,
                    "route_detail_id": 20
                },
                {
                    "route_id": 2,
                    "route_item_id": 0,
                    "route_detail_id": 23
                },
                {
                    "route_id": 2,
                    "route_item_id": 1,
                    "route_detail_id": 26
                }
            ]
        },
        {
            "bus_driver_id": 13,
            "bus_driver_schedule": [
                {
                    "route_id": 4,
                    "route_item_id": 0,
                    "route_detail_id": 1
                },
                {
                    "route_id": 4,
                    "route_item_id": 1,
                    "route_detail_id": 4
                },
                {
                    "route_id": 4,
                    "route_item_id": 0,
                    "route_detail_id": 7
                },
                {
                    "route_id": 4,
                    "route_item_id": 1,
                    "route_detail_id": 10
                },
                {
                    "route_id": 4,
                    "route_item_id": 0,
                    "route_detail_id": 14
                },
                {
                    "route_id": 4,
                    "route_item_id": 1,
                    "route_detail_id": 17
                },
                {
                    "route_id": 4,
                    "route_item_id": 0,
                    "route_detail_id": 19
                },
                {
                    "route_id": 4,
                    "route_item_id": 1,
                    "route_detail_id": 22
                },
                {
                    "route_id": 2,
                    "route_item_id": 0,
                    "route_detail_id": 26
                },
                {
                    "route_id": 2,
                    "route_item_id": 1,
                    "route_detail_id": 29
                }
            ]
        },
        {
            "bus_driver_id": 14,
            "bus_driver_schedule": [
                {
                    "route_id": 1,
                    "route_item_id": 0,
                    "route_detail_id": 1
                },
                {
                    "route_id": 1,
                    "route_item_id": 1,
                    "route_detail_id": -1
                },
                {
                    "route_id": 0,
                    "route_item_id": 0,
                    "route_detail_id": 4
                },
                {
                    "route_id": 0,
                    "route_item_id": 1,
                    "route_detail_id": -1
                },
                {
                    "route_id": 4,
                    "route_item_id": 0,
                    "route_detail_id": 9
                },
                {
                    "route_id": 4,
                    "route_item_id": 1,
                    "route_detail_id": 12
                },
                {
                    "route_id": 4,
                    "route_item_id": 0,
                    "route_detail_id": 15
                },
                {
                    "route_id": 4,
                    "route_item_id": 1,
                    "route_detail_id": 18
                },
                {
                    "route_id": 2,
                    "route_item_id": 0,
                    "route_detail_id": 22
                },
                {
                    "route_id": 2,
                    "route_item_id": 1,
                    "route_detail_id": 25
                },
                {
                    "route_id": 4,
                    "route_item_id": 0,
                    "route_detail_id": 22
                },
                {
                    "route_id": 4,
                    "route_item_id": 1,
                    "route_detail_id": 25
                }
            ]
        },
        {
            "bus_driver_id": 15,
            "bus_driver_schedule": [
                {
                    "route_id": 4,
                    "route_item_id": 0,
                    "route_detail_id": 2
                },
                {
                    "route_id": 4,
                    "route_item_id": 1,
                    "route_detail_id": 5
                },
                {
                    "route_id": 2,
                    "route_item_id": 0,
                    "route_detail_id": 8
                },
                {
                    "route_id": 2,
                    "route_item_id": 1,
                    "route_detail_id": 12
                },
                {
                    "route_id": 2,
                    "route_item_id": 0,
                    "route_detail_id": 11
                },
                {
                    "route_id": 2,
                    "route_item_id": 1,
                    "route_detail_id": -1
                },
                {
                    "route_id": 4,
                    "route_item_id": 0,
                    "route_detail_id": 16
                },
                {
                    "route_id": 4,
                    "route_item_id": 1,
                    "route_detail_id": 19
                },
                {
                    "route_id": 4,
                    "route_item_id": 0,
                    "route_detail_id": 21
                },
                {
                    "route_id": 4,
                    "route_item_id": 1,
                    "route_detail_id": 24
                },
                {
                    "route_id": 4,
                    "route_item_id": 0,
                    "route_detail_id": 28
                },
                {
                    "route_id": 4,
                    "route_item_id": 1,
                    "route_detail_id": 31
                }
            ]
        },
        {
            "bus_driver_id": 16,
            "bus_driver_schedule": [
                {
                    "route_id": 4,
                    "route_item_id": 0,
                    "route_detail_id": -1
                },
                {
                    "route_id": 4,
                    "route_item_id": 1,
                    "route_detail_id": 2
                },
                {
                    "route_id": 4,
                    "route_item_id": 0,
                    "route_detail_id": 8
                },
                {
                    "route_id": 4,
                    "route_item_id": 1,
                    "route_detail_id": 11
                },
                {
                    "route_id": 4,
                    "route_item_id": 0,
                    "route_detail_id": 18
                },
                {
                    "route_id": 4,
                    "route_item_id": 1,
                    "route_detail_id": 21
                },
                {
                    "route_id": 0,
                    "route_item_id": 0,
                    "route_detail_id": 19
                },
                {
                    "route_id": 0,
                    "route_item_id": 1,
                    "route_detail_id": -1
                },
                {
                    "route_id": 2,
                    "route_item_id": 0,
                    "route_detail_id": 34
                },
                {
                    "route_id": 2,
                    "route_item_id": 1,
                    "route_detail_id": 36
                },
                {
                    "route_id": 2,
                    "route_item_id": 0,
                    "route_detail_id": 36
                },
                {
                    "route_id": 2,
                    "route_item_id": 1,
                    "route_detail_id": 38
                },
                {
                    "route_id": 2,
                    "route_item_id": 0,
                    "route_detail_id": 38
                },
                {
                    "route_id": 2,
                    "route_item_id": 1,
                    "route_detail_id": 40
                }
            ]
        },
        {
            "bus_driver_id": 17,
            "bus_driver_schedule": [
                {
                    "route_id": 4,
                    "route_item_id": 0,
                    "route_detail_id": 3
                },
                {
                    "route_id": 4,
                    "route_item_id": 1,
                    "route_detail_id": 6
                },
                {
                    "route_id": 1,
                    "route_item_id": 0,
                    "route_detail_id": 6
                },
                {
                    "route_id": 1,
                    "route_item_id": 1,
                    "route_detail_id": -1
                },
                {
                    "route_id": 1,
                    "route_item_id": 0,
                    "route_detail_id": 8
                },
                {
                    "route_id": 1,
                    "route_item_id": 1,
                    "route_detail_id": -1
                },
                {
                    "route_id": 0,
                    "route_item_id": 0,
                    "route_detail_id": 16
                },
                {
                    "route_id": 0,
                    "route_item_id": 1,
                    "route_detail_id": -1
                },
                {
                    "route_id": 2,
                    "route_item_id": 0,
                    "route_detail_id": 27
                },
                {
                    "route_id": 2,
                    "route_item_id": 1,
                    "route_detail_id": 30
                },
                {
                    "route_id": 0,
                    "route_item_id": 0,
                    "route_detail_id": 20
                },
                {
                    "route_id": 0,
                    "route_item_id": 1,
                    "route_detail_id": -1
                },
                {
                    "route_id": 2,
                    "route_item_id": 0,
                    "route_detail_id": 37
                },
                {
                    "route_id": 2,
                    "route_item_id": 1,
                    "route_detail_id": 39
                },
                {
                    "route_id": 2,
                    "route_item_id": 0,
                    "route_detail_id": 39
                },
                {
                    "route_id": 2,
                    "route_item_id": 1,
                    "route_detail_id": 41
                }
            ]
        },
        {
            "bus_driver_id": 18,
            "bus_driver_schedule": [
                {
                    "route_id": 4,
                    "route_item_id": 0,
                    "route_detail_id": 4
                },
                {
                    "route_id": 4,
                    "route_item_id": 1,
                    "route_detail_id": 7
                },
                {
                    "route_id": 2,
                    "route_item_id": 0,
                    "route_detail_id": 12
                },
                {
                    "route_id": 2,
                    "route_item_id": 1,
                    "route_detail_id": 15
                },
                {
                    "route_id": 1,
                    "route_item_id": 0,
                    "route_detail_id": 17
                },
                {
                    "route_id": 1,
                    "route_item_id": 1,
                    "route_detail_id": -1
                },
                {
                    "route_id": 4,
                    "route_item_id": 0,
                    "route_detail_id": 30
                },
                {
                    "route_id": 4,
                    "route_item_id": 1,
                    "route_detail_id": 33
                },
                {
                    "route_id": 0,
                    "route_item_id": 0,
                    "route_detail_id": 24
                },
                {
                    "route_id": 0,
                    "route_item_id": 1,
                    "route_detail_id": -1
                },
                {
                    "route_id": 0,
                    "route_item_id": 0,
                    "route_detail_id": 26
                },
                {
                    "route_id": 0,
                    "route_item_id": 1,
                    "route_detail_id": -1
                }
            ]
        },
        {
            "bus_driver_id": 19,
            "bus_driver_schedule": [
                {
                    "route_id": 0,
                    "route_item_id": 0,
                    "route_detail_id": 2
                },
                {
                    "route_id": 0,
                    "route_item_id": 1,
                    "route_detail_id": -1
                },
                {
                    "route_id": 4,
                    "route_item_id": 0,
                    "route_detail_id": 10
                },
                {
                    "route_id": 4,
                    "route_item_id": 1,
                    "route_detail_id": 13
                },
                {
                    "route_id": 0,
                    "route_item_id": 0,
                    "route_detail_id": 17
                },
                {
                    "route_id": 0,
                    "route_item_id": 1,
                    "route_detail_id": -1
                },
                {
                    "route_id": 2,
                    "route_item_id": 0,
                    "route_detail_id": 33
                },
                {
                    "route_id": 2,
                    "route_item_id": 1,
                    "route_detail_id": 35
                },
                {
                    "route_id": 0,
                    "route_item_id": 0,
                    "route_detail_id": 22
                },
                {
                    "route_id": 0,
                    "route_item_id": 1,
                    "route_detail_id": -1
                },
                {
                    "route_id": 2,
                    "route_item_id": 0,
                    "route_detail_id": 41
                },
                {
                    "route_id": 2,
                    "route_item_id": 1,
                    "route_detail_id": 42
                },
                {
                    "route_id": 4,
                    "route_item_id": 0,
                    "route_detail_id": 37
                },
                {
                    "route_id": 4,
                    "route_item_id": 1,
                    "route_detail_id": -1
                }
            ]
        },
        {
            "bus_driver_id": 20,
            "bus_driver_schedule": [
                {
                    "route_id": 2,
                    "route_item_id": 0,
                    "route_detail_id": 3
                },
                {
                    "route_id": 2,
                    "route_item_id": 1,
                    "route_detail_id": 7
                },
                {
                    "route_id": 4,
                    "route_item_id": 0,
                    "route_detail_id": 11
                },
                {
                    "route_id": 4,
                    "route_item_id": 1,
                    "route_detail_id": 14
                },
                {
                    "route_id": 2,
                    "route_item_id": 0,
                    "route_detail_id": 25
                },
                {
                    "route_id": 2,
                    "route_item_id": 1,
                    "route_detail_id": 28
                },
                {
                    "route_id": 1,
                    "route_item_id": 0,
                    "route_detail_id": 21
                },
                {
                    "route_id": 1,
                    "route_item_id": 1,
                    "route_detail_id": -1
                },
                {
                    "route_id": 4,
                    "route_item_id": 0,
                    "route_detail_id": 34
                },
                {
                    "route_id": 4,
                    "route_item_id": 1,
                    "route_detail_id": -1
                },
                {
                    "route_id": 2,
                    "route_item_id": 0,
                    "route_detail_id": 40
                },
                {
                    "route_id": 2,
                    "route_item_id": 1,
                    "route_detail_id": -1
                },
                {
                    "route_id": 0,
                    "route_item_id": 0,
                    "route_detail_id": 25
                },
                {
                    "route_id": 0,
                    "route_item_id": 1,
                    "route_detail_id": -1
                }
            ]
        },
        {
            "bus_driver_id": 21,
            "bus_driver_schedule": [
                {
                    "route_id": 4,
                    "route_item_id": 0,
                    "route_detail_id": 5
                },
                {
                    "route_id": 4,
                    "route_item_id": 1,
                    "route_detail_id": 8
                },
                {
                    "route_id": 4,
                    "route_item_id": 0,
                    "route_detail_id": 24
                },
                {
                    "route_id": 4,
                    "route_item_id": 1,
                    "route_detail_id": 27
                },
                {
                    "route_id": 1,
                    "route_item_id": 0,
                    "route_detail_id": 23
                },
                {
                    "route_id": 1,
                    "route_item_id": 1,
                    "route_detail_id": -1
                },
                {
                    "route_id": 1,
                    "route_item_id": 0,
                    "route_detail_id": 25
                },
                {
                    "route_id": 1,
                    "route_item_id": 1,
                    "route_detail_id": -1
                },
                {
                    "route_id": 0,
                    "route_item_id": 0,
                    "route_detail_id": 27
                },
                {
                    "route_id": 0,
                    "route_item_id": 1,
                    "route_detail_id": -1
                }
            ]
        },
        {
            "bus_driver_id": 22,
            "bus_driver_schedule": [
                {
                    "route_id": 1,
                    "route_item_id": 0,
                    "route_detail_id": 3
                },
                {
                    "route_id": 1,
                    "route_item_id": 1,
                    "route_detail_id": -1
                },
                {
                    "route_id": 1,
                    "route_item_id": 0,
                    "route_detail_id": 18
                },
                {
                    "route_id": 1,
                    "route_item_id": 1,
                    "route_detail_id": -1
                },
                {
                    "route_id": 2,
                    "route_item_id": 0,
                    "route_detail_id": 31
                },
                {
                    "route_id": 2,
                    "route_item_id": 1,
                    "route_detail_id": 34
                },
                {
                    "route_id": 0,
                    "route_item_id": 0,
                    "route_detail_id": 23
                },
                {
                    "route_id": 0,
                    "route_item_id": 1,
                    "route_detail_id": -1
                },
                {
                    "route_id": 2,
                    "route_item_id": 0,
                    "route_detail_id": 42
                },
                {
                    "route_id": 2,
                    "route_item_id": 1,
                    "route_detail_id": 43
                },
                {
                    "route_id": 4,
                    "route_item_id": 0,
                    "route_detail_id": 38
                },
                {
                    "route_id": 4,
                    "route_item_id": 1,
                    "route_detail_id": -1
                },
                {
                    "route_id": 2,
                    "route_item_id": 0,
                    "route_detail_id": 45
                },
                {
                    "route_id": 2,
                    "route_item_id": 1,
                    "route_detail_id": -1
                },
                {
                    "route_id": 0,
                    "route_item_id": 0,
                    "route_detail_id": 29
                },
                {
                    "route_id": 0,
                    "route_item_id": 1,
                    "route_detail_id": -1
                }
            ]
        },
        {
            "bus_driver_id": 23,
            "bus_driver_schedule": [
                {
                    "route_id": 4,
                    "route_item_id": 0,
                    "route_detail_id": 25
                },
                {
                    "route_id": 4,
                    "route_item_id": 1,
                    "route_detail_id": 28
                },
                {
                    "route_id": 4,
                    "route_item_id": 0,
                    "route_detail_id": 33
                },
                {
                    "route_id": 4,
                    "route_item_id": 1,
                    "route_detail_id": 35
                },
                {
                    "route_id": 0,
                    "route_item_id": 0,
                    "route_detail_id": 28
                },
                {
                    "route_id": 0,
                    "route_item_id": 1,
                    "route_detail_id": -1
                }
            ]
        },
        {
            "bus_driver_id": 24,
            "bus_driver_schedule": [
                {
                    "route_id": 1,
                    "route_item_id": 0,
                    "route_detail_id": 19
                },
                {
                    "route_id": 1,
                    "route_item_id": 1,
                    "route_detail_id": -1
                },
                {
                    "route_id": 0,
                    "route_item_id": 0,
                    "route_detail_id": 21
                },
                {
                    "route_id": 0,
                    "route_item_id": 1,
                    "route_detail_id": -1
                },
                {
                    "route_id": 4,
                    "route_item_id": 0,
                    "route_detail_id": 35
                },
                {
                    "route_id": 4,
                    "route_item_id": 1,
                    "route_detail_id": 36
                },
                {
                    "route_id": 1,
                    "route_item_id": 0,
                    "route_detail_id": 29
                },
                {
                    "route_id": 1,
                    "route_item_id": 1,
                    "route_detail_id": -1
                }
            ]
        },
        {
            "bus_driver_id": 25,
            "bus_driver_schedule": [
                {
                    "route_id": 4,
                    "route_item_id": 0,
                    "route_detail_id": 26
                },
                {
                    "route_id": 4,
                    "route_item_id": 1,
                    "route_detail_id": 29
                },
                {
                    "route_id": 1,
                    "route_item_id": 0,
                    "route_detail_id": 22
                },
                {
                    "route_id": 1,
                    "route_item_id": 1,
                    "route_detail_id": -1
                },
                {
                    "route_id": 1,
                    "route_item_id": 0,
                    "route_detail_id": 24
                },
                {
                    "route_id": 1,
                    "route_item_id": 1,
                    "route_detail_id": -1
                },
                {
                    "route_id": 1,
                    "route_item_id": 0,
                    "route_detail_id": 28
                },
                {
                    "route_id": 1,
                    "route_item_id": 1,
                    "route_detail_id": -1
                }
            ]
        },
        {
            "bus_driver_id": 26,
            "bus_driver_schedule": [
                {
                    "route_id": 2,
                    "route_item_id": 0,
                    "route_detail_id": 28
                },
                {
                    "route_id": 2,
                    "route_item_id": 1,
                    "route_detail_id": 31
                },
                {
                    "route_id": 2,
                    "route_item_id": 0,
                    "route_detail_id": 32
                },
                {
                    "route_id": 2,
                    "route_item_id": 1,
                    "route_detail_id": -1
                },
                {
                    "route_id": 2,
                    "route_item_id": 0,
                    "route_detail_id": 35
                },
                {
                    "route_id": 2,
                    "route_item_id": 1,
                    "route_detail_id": 37
                },
                {
                    "route_id": 4,
                    "route_item_id": 0,
                    "route_detail_id": 36
                },
                {
                    "route_id": 4,
                    "route_item_id": 1,
                    "route_detail_id": 37
                }
            ]
        },
        {
            "bus_driver_id": 27,
            "bus_driver_schedule": [
                {
                    "route_id": 2,
                    "route_item_id": 0,
                    "route_detail_id": 29
                },
                {
                    "route_id": 2,
                    "route_item_id": 1,
                    "route_detail_id": 32
                },
                {
                    "route_id": 4,
                    "route_item_id": 0,
                    "route_detail_id": 31
                },
                {
                    "route_id": 4,
                    "route_item_id": 1,
                    "route_detail_id": -1
                },
                {
                    "route_id": 1,
                    "route_item_id": 0,
                    "route_detail_id": 26
                },
                {
                    "route_id": 1,
                    "route_item_id": 1,
                    "route_detail_id": -1
                }
            ]
        },
        {
            "bus_driver_id": 28,
            "bus_driver_schedule": [
                {
                    "route_id": 4,
                    "route_item_id": 0,
                    "route_detail_id": 27
                },
                {
                    "route_id": 4,
                    "route_item_id": 1,
                    "route_detail_id": 30
                },
                {
                    "route_id": 2,
                    "route_item_id": 0,
                    "route_detail_id": 43
                },
                {
                    "route_id": 2,
                    "route_item_id": 1,
                    "route_detail_id": 44
                }
            ]
        },
        {
            "bus_driver_id": 29,
            "bus_driver_schedule": [
                {
                    "route_id": 1,
                    "route_item_id": 0,
                    "route_detail_id": 20
                },
                {
                    "route_id": 1,
                    "route_item_id": 1,
                    "route_detail_id": -1
                },
                {
                    "route_id": 1,
                    "route_item_id": 0,
                    "route_detail_id": 27
                },
                {
                    "route_id": 1,
                    "route_item_id": 1,
                    "route_detail_id": -1
                }
            ]
        },
        {
            "bus_driver_id": 30,
            "bus_driver_schedule": [
                {
                    "route_id": 2,
                    "route_item_id": 0,
                    "route_detail_id": 30
                },
                {
                    "route_id": 2,
                    "route_item_id": 1,
                    "route_detail_id": 33
                },
                {
                    "route_id": 4,
                    "route_item_id": 0,
                    "route_detail_id": 32
                },
                {
                    "route_id": 4,
                    "route_item_id": 1,
                    "route_detail_id": 34
                },
                {
                    "route_id": 2,
                    "route_item_id": 0,
                    "route_detail_id": 44
                },
                {
                    "route_id": 2,
                    "route_item_id": 1,
                    "route_detail_id": 45
                }
            ]
        },
        {
            "bus_driver_id": 31,
            "bus_driver_schedule": [
                {
                    "route_id": 4,
                    "route_item_id": 0,
                    "route_detail_id": 29
                },
                {
                    "route_id": 4,
                    "route_item_id": 1,
                    "route_detail_id": 32
                }
            ]
        },
        {
            "bus_driver_id": 32,
            "bus_driver_schedule": []
        },
        {
            "bus_driver_id": 33,
            "bus_driver_schedule": []
        },
        {
            "bus_driver_id": 34,
            "bus_driver_schedule": []
        },
        {
            "bus_driver_id": 35,
            "bus_driver_schedule": []
        },
        {
            "bus_driver_id": 36,
            "bus_driver_schedule": []
        },
        {
            "bus_driver_id": 37,
            "bus_driver_schedule": []
        },
        {
            "bus_driver_id": 38,
            "bus_driver_schedule": []
        },
        {
            "bus_driver_id": 39,
            "bus_driver_schedule": [
                {
                    "route_id": 3,
                    "route_item_id": 0,
                    "route_detail_id": 0
                },
                {
                    "route_id": 3,
                    "route_item_id": 1,
                    "route_detail_id": -1
                },
                {
                    "route_id": 3,
                    "route_item_id": 0,
                    "route_detail_id": 4
                },
                {
                    "route_id": 3,
                    "route_item_id": 1,
                    "route_detail_id": -1
                },
                {
                    "route_id": 3,
                    "route_item_id": 0,
                    "route_detail_id": 7
                },
                {
                    "route_id": 3,
                    "route_item_id": 1,
                    "route_detail_id": 4
                },
                {
                    "route_id": 3,
                    "route_item_id": 0,
                    "route_detail_id": 13
                },
                {
                    "route_id": 3,
                    "route_item_id": 1,
                    "route_detail_id": 10
                },
                {
                    "route_id": 3,
                    "route_item_id": 0,
                    "route_detail_id": 18
                },
                {
                    "route_id": 3,
                    "route_item_id": 1,
                    "route_detail_id": 15
                },
                {
                    "route_id": 3,
                    "route_item_id": 0,
                    "route_detail_id": 24
                },
                {
                    "route_id": 3,
                    "route_item_id": 1,
                    "route_detail_id": 21
                },
                {
                    "route_id": 3,
                    "route_item_id": 0,
                    "route_detail_id": 29
                },
                {
                    "route_id": 3,
                    "route_item_id": 1,
                    "route_detail_id": 26
                }
            ]
        },
        {
            "bus_driver_id": 40,
            "bus_driver_schedule": [
                {
                    "route_id": 3,
                    "route_item_id": 0,
                    "route_detail_id": 1
                },
                {
                    "route_id": 3,
                    "route_item_id": 1,
                    "route_detail_id": -1
                },
                {
                    "route_id": 3,
                    "route_item_id": 0,
                    "route_detail_id": 8
                },
                {
                    "route_id": 3,
                    "route_item_id": 1,
                    "route_detail_id": 5
                },
                {
                    "route_id": 3,
                    "route_item_id": 0,
                    "route_detail_id": 14
                },
                {
                    "route_id": 3,
                    "route_item_id": 1,
                    "route_detail_id": 11
                },
                {
                    "route_id": 3,
                    "route_item_id": 0,
                    "route_detail_id": 22
                },
                {
                    "route_id": 3,
                    "route_item_id": 1,
                    "route_detail_id": 19
                },
                {
                    "route_id": 3,
                    "route_item_id": 0,
                    "route_detail_id": 27
                },
                {
                    "route_id": 3,
                    "route_item_id": 1,
                    "route_detail_id": 24
                },
                {
                    "route_id": 3,
                    "route_item_id": 0,
                    "route_detail_id": 32
                },
                {
                    "route_id": 3,
                    "route_item_id": 1,
                    "route_detail_id": 29
                },
                {
                    "route_id": 3,
                    "route_item_id": 0,
                    "route_detail_id": -1
                },
                {
                    "route_id": 3,
                    "route_item_id": 1,
                    "route_detail_id": 35
                }
            ]
        },
        {
            "bus_driver_id": 41,
            "bus_driver_schedule": [
                {
                    "route_id": 3,
                    "route_item_id": 0,
                    "route_detail_id": 2
                },
                {
                    "route_id": 3,
                    "route_item_id": 1,
                    "route_detail_id": 0
                },
                {
                    "route_id": 3,
                    "route_item_id": 0,
                    "route_detail_id": 9
                },
                {
                    "route_id": 3,
                    "route_item_id": 1,
                    "route_detail_id": 6
                },
                {
                    "route_id": 3,
                    "route_item_id": 0,
                    "route_detail_id": 15
                },
                {
                    "route_id": 3,
                    "route_item_id": 1,
                    "route_detail_id": 12
                },
                {
                    "route_id": 3,
                    "route_item_id": 0,
                    "route_detail_id": 23
                },
                {
                    "route_id": 3,
                    "route_item_id": 1,
                    "route_detail_id": 20
                },
                {
                    "route_id": 3,
                    "route_item_id": 0,
                    "route_detail_id": 28
                },
                {
                    "route_id": 3,
                    "route_item_id": 1,
                    "route_detail_id": 25
                },
                {
                    "route_id": 3,
                    "route_item_id": 0,
                    "route_detail_id": 33
                },
                {
                    "route_id": 3,
                    "route_item_id": 1,
                    "route_detail_id": 30
                },
                {
                    "route_id": 3,
                    "route_item_id": 0,
                    "route_detail_id": -1
                },
                {
                    "route_id": 3,
                    "route_item_id": 1,
                    "route_detail_id": 37
                }
            ]
        },
        {
            "bus_driver_id": 42,
            "bus_driver_schedule": [
                {
                    "route_id": 3,
                    "route_item_id": 0,
                    "route_detail_id": 5
                },
                {
                    "route_id": 3,
                    "route_item_id": 1,
                    "route_detail_id": 1
                },
                {
                    "route_id": 3,
                    "route_item_id": 0,
                    "route_detail_id": 10
                },
                {
                    "route_id": 3,
                    "route_item_id": 1,
                    "route_detail_id": 7
                },
                {
                    "route_id": 3,
                    "route_item_id": 0,
                    "route_detail_id": 17
                },
                {
                    "route_id": 3,
                    "route_item_id": 1,
                    "route_detail_id": 14
                },
                {
                    "route_id": 3,
                    "route_item_id": 0,
                    "route_detail_id": 25
                },
                {
                    "route_id": 3,
                    "route_item_id": 1,
                    "route_detail_id": 22
                },
                {
                    "route_id": 3,
                    "route_item_id": 0,
                    "route_detail_id": 30
                },
                {
                    "route_id": 3,
                    "route_item_id": 1,
                    "route_detail_id": 27
                },
                {
                    "route_id": 3,
                    "route_item_id": 0,
                    "route_detail_id": 37
                },
                {
                    "route_id": 3,
                    "route_item_id": 1,
                    "route_detail_id": 34
                }
            ]
        },
        {
            "bus_driver_id": 43,
            "bus_driver_schedule": [
                {
                    "route_id": 3,
                    "route_item_id": 0,
                    "route_detail_id": -1
                },
                {
                    "route_id": 3,
                    "route_item_id": 1,
                    "route_detail_id": 3
                },
                {
                    "route_id": 3,
                    "route_item_id": 0,
                    "route_detail_id": 11
                },
                {
                    "route_id": 3,
                    "route_item_id": 1,
                    "route_detail_id": 8
                },
                {
                    "route_id": 3,
                    "route_item_id": 0,
                    "route_detail_id": 20
                },
                {
                    "route_id": 3,
                    "route_item_id": 1,
                    "route_detail_id": 17
                },
                {
                    "route_id": 3,
                    "route_item_id": 0,
                    "route_detail_id": 26
                },
                {
                    "route_id": 3,
                    "route_item_id": 1,
                    "route_detail_id": 23
                },
                {
                    "route_id": 3,
                    "route_item_id": 0,
                    "route_detail_id": 31
                },
                {
                    "route_id": 3,
                    "route_item_id": 1,
                    "route_detail_id": 28
                },
                {
                    "route_id": 3,
                    "route_item_id": 0,
                    "route_detail_id": 38
                },
                {
                    "route_id": 3,
                    "route_item_id": 1,
                    "route_detail_id": 36
                }
            ]
        },
        {
            "bus_driver_id": 44,
            "bus_driver_schedule": [
                {
                    "route_id": 3,
                    "route_item_id": 0,
                    "route_detail_id": 6
                },
                {
                    "route_id": 3,
                    "route_item_id": 1,
                    "route_detail_id": 2
                },
                {
                    "route_id": 3,
                    "route_item_id": 0,
                    "route_detail_id": 12
                },
                {
                    "route_id": 3,
                    "route_item_id": 1,
                    "route_detail_id": 9
                },
                {
                    "route_id": 3,
                    "route_item_id": 0,
                    "route_detail_id": 21
                },
                {
                    "route_id": 3,
                    "route_item_id": 1,
                    "route_detail_id": 18
                },
                {
                    "route_id": 3,
                    "route_item_id": 0,
                    "route_detail_id": 34
                },
                {
                    "route_id": 3,
                    "route_item_id": 1,
                    "route_detail_id": 31
                },
                {
                    "route_id": 3,
                    "route_item_id": 0,
                    "route_detail_id": 39
                },
                {
                    "route_id": 3,
                    "route_item_id": 1,
                    "route_detail_id": 38
                }
            ]
        },
        {
            "bus_driver_id": 45,
            "bus_driver_schedule": [
                {
                    "route_id": 3,
                    "route_item_id": 0,
                    "route_detail_id": 3
                },
                {
                    "route_id": 3,
                    "route_item_id": 1,
                    "route_detail_id": -1
                },
                {
                    "route_id": 3,
                    "route_item_id": 0,
                    "route_detail_id": 16
                },
                {
                    "route_id": 3,
                    "route_item_id": 1,
                    "route_detail_id": 13
                },
                {
                    "route_id": 3,
                    "route_item_id": 0,
                    "route_detail_id": 35
                },
                {
                    "route_id": 3,
                    "route_item_id": 1,
                    "route_detail_id": 32
                },
                {
                    "route_id": 3,
                    "route_item_id": 0,
                    "route_detail_id": 40
                },
                {
                    "route_id": 3,
                    "route_item_id": 1,
                    "route_detail_id": 39
                },
                {
                    "route_id": 3,
                    "route_item_id": 0,
                    "route_detail_id": -1
                },
                {
                    "route_id": 3,
                    "route_item_id": 1,
                    "route_detail_id": 42
                }
            ]
        },
        {
            "bus_driver_id": 46,
            "bus_driver_schedule": [
                {
                    "route_id": 3,
                    "route_item_id": 0,
                    "route_detail_id": 19
                },
                {
                    "route_id": 3,
                    "route_item_id": 1,
                    "route_detail_id": 16
                },
                {
                    "route_id": 3,
                    "route_item_id": 0,
                    "route_detail_id": 36
                },
                {
                    "route_id": 3,
                    "route_item_id": 1,
                    "route_detail_id": 33
                },
                {
                    "route_id": 3,
                    "route_item_id": 0,
                    "route_detail_id": 41
                },
                {
                    "route_id": 3,
                    "route_item_id": 1,
                    "route_detail_id": 40
                }
            ]
        },
        {
            "bus_driver_id": 47,
            "bus_driver_schedule": [
                {
                    "route_id": 3,
                    "route_item_id": 0,
                    "route_detail_id": 42
                },
                {
                    "route_id": 3,
                    "route_item_id": 1,
                    "route_detail_id": 41
                }
            ]
        },
        {
            "bus_driver_id": 48,
            "bus_driver_schedule": []
        },
        {
            "bus_driver_id": 49,
            "bus_driver_schedule": []
        }
    ]
}