[
    {
        "route_id": 4,
        "route_item": {
            "0": {
                "0": 0,
                "1": 1,
                "2": 2,
                "3": 3,
                "4": 4,
                "5": 5,
                "6": 0,
                "7": 1,
                "8": 6,
                "9": 38,
                "10": 7,
                "11": 8,
                "12": 9,
                "13": 16,
                "14": 39,
                "15": 42,
                "16": 43,
                "17": 44,
                "18": 45,
                "19": 0,
                "20": 17,
                "21": 18,
                "22": 1,
                "23": 46,
                "24": 4,
                "25": 6,
                "26": 19,
                "27": 20,
                "28": 21,
                "29": 38,
                "30": 7,
                "31": 22,
                "32": 23,
                "33": 2,
                "34": 3,
                "35": 38,
                "36": 5,
                "37": 6,
                "38": 9,
                "39": 7,
                "40": 39,
                "41": 3,
                "42": 4,
                "43": 8,
                "44": 1,
                "45": 16,
                "46": 42,
                "47": 2,
                "48": 17,
                "49": 18,
                "50": 43,
                "51": 0,
                "52": 5,
                "53": 9,
                "54": 7,
                "55": 16,
                "56": 44,
                "57": 45,
                "58": 1,
                "59": 19,
                "60": 20,
                "61": 4,
                "62": 18,
                "63": 21,
                "64": 0,
                "65": 38,
                "66": 2,
                "67": 39,
                "68": 3,
                "69": 4,
                "70": 1,
                "71": 42,
                "72": 5,
                "73": 6,
                "74": 46,
                "75": 2,
                "76": 0,
                "77": 7,
                "78": 43,
                "79": 8,
                "80": 38,
                "81": 4,
                "82": 5,
                "83": 9,
                "84": 44,
                "85": 0,
                "86": 47,
                "87": 1,
                "88": 3,
                "89": 16,
                "90": 2,
                "91": 45,
                "92": 4,
                "93": 6,
                "94": 7,
                "95": 39,
                "96": 1,
                "97": 38,
                "98": 0,
                "99": 5,
                "100": 42,
                "101": 17,
                "102": 4,
                "103": 2,
                "104": 3,
                "105": 8,
                "106": 5,
                "107": 43,
                "108": 6,
                "109": 9,
                "110": 44,
                "111": 3,
                "112": 16,
                "113": 18,
                "114": 39,
                "115": 7,
                "116": 9,
                "117": 19,
                "118": 42,
                "119": 2,
                "120": 20,
                "121": 5,
                "122": 38,
                "123": 21,
                "124": 22,
                "125": 23,
                "126": 43,
                "127": 3,
                "128": 8,
                "129": 24,
                "130": 18,
                "131": 44,
                "132": 25,
                "133": 26,
                "134": 17,
                "135": 27,
                "136": 39,
                "137": 28,
                "138": 29,
                "139": 42,
                "140": 16,
                "141": 30,
                "142": 31,
                "143": 45,
                "144": 18,
                "145": 23,
                "146": 46,
                "147": 32,
                "148": 47,
                "149": 19,
                "150": 21,
                "151": 20,
                "152": 43,
                "153": 25,
                "154": 27,
                "155": 28,
                "156": 17,
                "157": 39,
                "158": 27,
                "159": 44,
                "160": 31,
                "161": 26,
                "162": 20,
                "163": 24,
                "164": 17,
                "165": 42,
                "166": 18,
                "167": 45,
                "168": 21,
                "169": 22,
                "170": 17,
                "171": 23,
                "172": 18,
                "173": 25,
                "174": 26,
                "175": 19,
                "176": 46,
                "177": 20,
                "178": 21,
                "179": 27,
                "180": 22,
                "181": 21,
                "182": 47,
                "183": 23,
                "184": 20,
                "185": 28,
                "186": 19,
                "187": 29,
                "188": 48,
                "189": 23,
                "190": 30,
                "191": 22,
                "192": 31,
                "193": 24,
                "194": 26,
                "195": 46,
                "196": 23,
                "197": 25,
                "198": 23
            },
            "1": {
                "0": 0,
                "1": 1,
                "2": 2,
                "3": 3,
                "4": 4,
                "5": 5,
                "6": 0,
                "7": 1,
                "8": 6,
                "9": 38,
                "10": 7,
                "11": 8,
                "12": 9,
                "13": 16,
                "14": 39,
                "15": 42,
                "16": 43,
                "17": 44,
                "18": 45,
                "19": 0,
                "20": 17,
                "21": 18,
                "22": 1,
                "23": 46,
                "24": 4,
                "25": 6,
                "26": 19,
                "27": 20,
                "28": 21,
                "29": 38,
                "30": 7,
                "31": 22,
                "32": 23,
                "33": 2,
                "34": 3,
                "35": 38,
                "36": 5,
                "37": 6,
                "38": 9,
                "39": 7,
                "40": 39,
                "41": 3,
                "42": 4,
                "43": 8,
                "44": 1,
                "45": 16,
                "46": 42,
                "47": 2,
                "48": 17,
                "49": 18,
                "50": 43,
                "51": 0,
                "52": 5,
                "53": 9,
                "54": 7,
                "55": 16,
                "56": 44,
                "57": 45,
                "58": 1,
                "59": 19,
                "60": 20,
                "61": 4,
                "62": 18,
                "63": 21,
                "64": 0,
                "65": 38,
                "66": 2,
                "67": 39,
                "68": 3,
                "69": 4,
                "70": 1,
                "71": 42,
                "72": 5,
                "73": 6,
                "74": 46,
                "75": 2,
                "76": 0,
                "77": 7,
                "78": 43,
                "79": 8,
                "80": 38,
                "81": 4,
                "82": 5,
                "83": 9,
                "84": 44,
                "85": 0,
                "86": 47,
                "87": 1,
                "88": 3,
                "89": 16,
                "90": 2,
                "91": 45,
                "92": 4,
                "93": 6,
                "94": 7,
                "95": 39,
                "96": 1,
                "97": 38,
                "98": 0,
                "99": 5,
                "100": 42,
                "101": 17,
                "102": 4,
                "103": 2,
                "104": 3,
                "105": 8,
                "106": 5,
                "107": 43,
                "108": 6,
                "109": 9,
                "110": 44,
                "111": 3,
                "112": 16,
                "113": 18,
                "114": 39,
                "115": 7,
                "116": 9,
                "117": 19,
                "118": 42,
                "119": 2,
                "120": 20,
                "121": 5,
                "122": 38,
                "123": 21,
                "124": 22,
                "125": 23,
                "126": 43,
                "127": 3,
                "128": 8,
                "129": 24,
                "130": 18,
                "131": 44,
                "132": 25,
                "133": 26,
                "134": 17,
                "135": 27,
                "136": 39,
                "137": 28,
                "138": 29,
                "139": 42,
                "140": 16,
                "141": 30,
                "142": 31,
                "143": 45,
                "144": 18,
                "145": 23,
                "146": 46,
                "147": 32,
                "148": 47,
                "149": 19,
                "150": 21,
                "151": 20,
                "152": 43,
                "153": 25,
                "154": 27,
                "155": 28,
                "156": 17,
                "157": 39,
                "158": 27,
                "159": 44,
                "160": 31,
                "161": 26,
                "162": 20,
                "163": 24,
                "164": 17,
                "165": 42,
                "166": 18,
                "167": 45,
                "168": 21,
                "169": 22,
                "170": 17,
                "171": 23,
                "172": 18,
                "173": 25,
                "174": 26,
                "175": 19,
                "176": 46,
                "177": 20,
                "178": 21,
                "179": 27,
                "180": 22,
                "181": 21,
                "182": 47,
                "183": 23,
                "184": 20,
                "185": 28,
                "186": 19,
                "187": 29,
                "188": 48,
                "189": 23,
                "190": 30,
                "191": 22,
                "192": 31,
                "193": 24,
                "194": 26,
                "195": 46,
                "196": 23,
                "197": 25,
                "198": 23
            }
        }
    },
    {
        "route_id": 4,
        "route_item": {
            "0": {
                "0": 0,
                "1": 1,
                "2": 2,
                "3": 3,
                "4": 4,
                "5": 5,
                "6": 0,
                "7": 1,
                "8": 6,
                "9": 38,
                "10": 7,
                "11": 8,
                "12": 9,
                "13": 16,
                "14": 39,
                "15": 42,
                "16": 43,
                "17": 44,
                "18": 45,
                "19": 0,
                "20": 17,
                "21": 18,
                "22": 1,
                "23": 46,
                "24": 4,
                "25": 6,
                "26": 19,
                "27": 20,
                "28": 21,
                "29": 38,
                "30": 7,
                "31": 22,
                "32": 23,
                "33": 2,
                "34": 3,
                "35": 38,
                "36": 5,
                "37": 6,
                "38": 9,
                "39": 7,
                "40": 39,
                "41": 3,
                "42": 4,
                "43": 8,
                "44": 1,
                "45": 16,
                "46": 42,
                "47": 2,
                "48": 17,
                "49": 18,
                "50": 43,
                "51": 0,
                "52": 5,
                "53": 9,
                "54": 7,
                "55": 16,
                "56": 44,
                "57": 45,
                "58": 1,
                "59": 19,
                "60": 20,
                "61": 4,
                "62": 18,
                "63": 21,
                "64": 0,
                "65": 38,
                "66": 2,
                "67": 39,
                "68": 3,
                "69": 4,
                "70": 1,
                "71": 42,
                "72": 5,
                "73": 6,
                "74": 46,
                "75": 2,
                "76": 0,
                "77": 7,
                "78": 43,
                "79": 8,
                "80": 38,
                "81": 4,
                "82": 5,
                "83": 9,
                "84": 44,
                "85": 0,
                "86": 47,
                "87": 1,
                "88": 3,
                "89": 16,
                "90": 2,
                "91": 45,
                "92": 4,
                "93": 6,
                "94": 7,
                "95": 39,
                "96": 1,
                "97": 38,
                "98": 0,
                "99": 5,
                "100": 42,
                "101": 17,
                "102": 4,
                "103": 2,
                "104": 3,
                "105": 8,
                "106": 5,
                "107": 43,
                "108": 6,
                "109": 9,
                "110": 44,
                "111": 3,
                "112": 16,
                "113": 18,
                "114": 39,
                "115": 7,
                "116": 9,
                "117": 19,
                "118": 42,
                "119": 2,
                "120": 20,
                "121": 5,
                "122": 38,
                "123": 21,
                "124": 22,
                "125": 23,
                "126": 43,
                "127": 3,
                "128": 8,
                "129": 24,
                "130": 18,
                "131": 44,
                "132": 25,
                "133": 26,
                "134": 17,
                "135": 27,
                "136": 39,
                "137": 28,
                "138": 29,
                "139": 42,
                "140": 16,
                "141": 30,
                "142": 31,
                "143": 45,
                "144": 18,
                "145": 23,
                "146": 46,
                "147": 32,
                "148": 47,
                "149": 19,
                "150": 21,
                "151": 20,
                "152": 43,
                "153": 25,
                "154": 27,
                "155": 28,
                "156": 17,
                "157": 39,
                "158": 27,
                "159": 44,
                "160": 31,
                "161": 26,
                "162": 20,
                "163": 24,
                "164": 17,
                "165": 42,
                "166": 18,
                "167": 45,
                "168": 21,
                "169": 22,
                "170": 17,
                "171": 23,
                "172": 18,
                "173": 25,
                "174": 26,
                "175": 19,
                "176": 46,
                "177": 20,
                "178": 21,
                "179": 27,
                "180": 22,
                "181": 21,
                "182": 47,
                "183": 23,
                "184": 20,
                "185": 28,
                "186": 19,
                "187": 29,
                "188": 48,
                "189": 23,
                "190": 30,
                "191": 22,
                "192": 31,
                "193": 24,
                "194": 26,
                "195": 46,
                "196": 23,
                "197": 25,
                "198": 23
            },
            "1": {
                "0": 0,
                "1": 1,
                "2": 2,
                "3": 3,
                "4": 4,
                "5": 5,
                "6": 0,
                "7": 1,
                "8": 6,
                "9": 38,
                "10": 7,
                "11": 8,
                "12": 9,
                "13": 16,
                "14": 39,
                "15": 42,
                "16": 43,
                "17": 44,
                "18": 45,
                "19": 0,
                "20": 17,
                "21": 18,
                "22": 1,
                "23": 46,
                "24": 4,
                "25": 6,
                "26": 19,
                "27": 20,
                "28": 21,
                "29": 38,
                "30": 7,
                "31": 22,
                "32": 23,
                "33": 2,
                "34": 3,
                "35": 38,
                "36": 5,
                "37": 6,
                "38": 9,
                "39": 7,
                "40": 39,
                "41": 3,
                "42": 4,
                "43": 8,
                "44": 1,
                "45": 16,
                "46": 42,
                "47": 2,
                "48": 17,
                "49": 18,
                "50": 43,
                "51": 0,
                "52": 5,
                "53": 9,
                "54": 7,
                "55": 16,
                "56": 44,
                "57": 45,
                "58": 1,
                "59": 19,
                "60": 20,
                "61": 4,
                "62": 18,
                "63": 21,
                "64": 0,
                "65": 38,
                "66": 2,
                "67": 39,
                "68": 3,
                "69": 4,
                "70": 1,
                "71": 42,
                "72": 5,
                "73": 6,
                "74": 46,
                "75": 2,
                "76": 0,
                "77": 7,
                "78": 43,
                "79": 8,
                "80": 38,
                "81": 4,
                "82": 5,
                "83": 9,
                "84": 44,
                "85": 0,
                "86": 47,
                "87": 1,
                "88": 3,
                "89": 16,
                "90": 2,
                "91": 45,
                "92": 4,
                "93": 6,
                "94": 7,
                "95": 39,
                "96": 1,
                "97": 38,
                "98": 0,
                "99": 5,
                "100": 42,
                "101": 17,
                "102": 4,
                "103": 2,
                "104": 3,
                "105": 8,
                "106": 5,
                "107": 43,
                "108": 6,
                "109": 9,
                "110": 44,
                "111": 3,
                "112": 16,
                "113": 18,
                "114": 39,
                "115": 7,
                "116": 9,
                "117": 19,
                "118": 42,
                "119": 2,
                "120": 20,
                "121": 5,
                "122": 38,
                "123": 21,
                "124": 22,
                "125": 23,
                "126": 43,
                "127": 3,
                "128": 8,
                "129": 24,
                "130": 18,
                "131": 44,
                "132": 25,
                "133": 26,
                "134": 17,
                "135": 27,
                "136": 39,
                "137": 28,
                "138": 29,
                "139": 42,
                "140": 16,
                "141": 30,
                "142": 31,
                "143": 45,
                "144": 18,
                "145": 23,
                "146": 46,
                "147": 32,
                "148": 47,
                "149": 19,
                "150": 21,
                "151": 20,
                "152": 43,
                "153": 25,
                "154": 27,
                "155": 28,
                "156": 17,
                "157": 39,
                "158": 27,
                "159": 44,
                "160": 31,
                "161": 26,
                "162": 20,
                "163": 24,
                "164": 17,
                "165": 42,
                "166": 18,
                "167": 45,
                "168": 21,
                "169": 22,
                "170": 17,
                "171": 23,
                "172": 18,
                "173": 25,
                "174": 26,
                "175": 19,
                "176": 46,
                "177": 20,
                "178": 21,
                "179": 27,
                "180": 22,
                "181": 21,
                "182": 47,
                "183": 23,
                "184": 20,
                "185": 28,
                "186": 19,
                "187": 29,
                "188": 48,
                "189": 23,
                "190": 30,
                "191": 22,
                "192": 31,
                "193": 24,
                "194": 26,
                "195": 46,
                "196": 23,
                "197": 25,
                "198": 23
            }
        }
    },
    {
        "route_id": 4,
        "route_item": {
            "0": {
                "0": 0,
                "1": 1,
                "2": 2,
                "3": 3,
                "4": 4,
                "5": 5,
                "6": 0,
                "7": 1,
                "8": 6,
                "9": 38,
                "10": 7,
                "11": 8,
                "12": 9,
                "13": 16,
                "14": 39,
                "15": 42,
                "16": 43,
                "17": 44,
                "18": 45,
                "19": 0,
                "20": 17,
                "21": 18,
                "22": 1,
                "23": 46,
                "24": 4,
                "25": 6,
                "26": 19,
                "27": 20,
                "28": 21,
                "29": 38,
                "30": 7,
                "31": 22,
                "32": 23,
                "33": 2,
                "34": 3,
                "35": 38,
                "36": 5,
                "37": 6,
                "38": 9,
                "39": 7,
                "40": 39,
                "41": 3,
                "42": 4,
                "43": 8,
                "44": 1,
                "45": 16,
                "46": 42,
                "47": 2,
                "48": 17,
                "49": 18,
                "50": 43,
                "51": 0,
                "52": 5,
                "53": 9,
                "54": 7,
                "55": 16,
                "56": 44,
                "57": 45,
                "58": 1,
                "59": 19,
                "60": 20,
                "61": 4,
                "62": 18,
                "63": 21,
                "64": 0,
                "65": 38,
                "66": 2,
                "67": 39,
                "68": 3,
                "69": 4,
                "70": 1,
                "71": 42,
                "72": 5,
                "73": 6,
                "74": 46,
                "75": 2,
                "76": 0,
                "77": 7,
                "78": 43,
                "79": 8,
                "80": 38,
                "81": 4,
                "82": 5,
                "83": 9,
                "84": 44,
                "85": 0,
                "86": 47,
                "87": 1,
                "88": 3,
                "89": 16,
                "90": 2,
                "91": 45,
                "92": 4,
                "93": 6,
                "94": 7,
                "95": 39,
                "96": 1,
                "97": 38,
                "98": 0,
                "99": 5,
                "100": 42,
                "101": 17,
                "102": 4,
                "103": 2,
                "104": 3,
                "105": 8,
                "106": 5,
                "107": 43,
                "108": 6,
                "109": 9,
                "110": 44,
                "111": 3,
                "112": 16,
                "113": 18,
                "114": 39,
                "115": 7,
                "116": 9,
                "117": 19,
                "118": 42,
                "119": 2,
                "120": 20,
                "121": 5,
                "122": 38,
                "123": 21,
                "124": 22,
                "125": 23,
                "126": 43,
                "127": 3,
                "128": 8,
                "129": 24,
                "130": 18,
                "131": 44,
                "132": 25,
                "133": 26,
                "134": 17,
                "135": 27,
                "136": 39,
                "137": 28,
                "138": 29,
                "139": 42,
                "140": 16,
                "141": 30,
                "142": 31,
                "143": 45,
                "144": 18,
                "145": 23,
                "146": 46,
                "147": 32,
                "148": 47,
                "149": 19,
                "150": 21,
                "151": 20,
                "152": 43,
                "153": 25,
                "154": 27,
                "155": 28,
                "156": 17,
                "157": 39,
                "158": 27,
                "159": 44,
                "160": 31,
                "161": 26,
                "162": 20,
                "163": 24,
                "164": 17,
                "165": 42,
                "166": 18,
                "167": 45,
                "168": 21,
                "169": 22,
                "170": 17,
                "171": 23,
                "172": 18,
                "173": 25,
                "174": 26,
                "175": 19,
                "176": 46,
                "177": 20,
                "178": 21,
                "179": 27,
                "180": 22,
                "181": 21,
                "182": 47,
                "183": 23,
                "184": 20,
                "185": 28,
                "186": 19,
                "187": 29,
                "188": 48,
                "189": 23,
                "190": 30,
                "191": 22,
                "192": 31,
                "193": 24,
                "194": 26,
                "195": 46,
                "196": 23,
                "197": 25,
                "198": 23
            },
            "1": {
                "0": 0,
                "1": 1,
                "2": 2,
                "3": 3,
                "4": 4,
                "5": 5,
                "6": 0,
                "7": 1,
                "8": 6,
                "9": 38,
                "10": 7,
                "11": 8,
                "12": 9,
                "13": 16,
                "14": 39,
                "15": 42,
                "16": 43,
                "17": 44,
                "18": 45,
                "19": 0,
                "20": 17,
                "21": 18,
                "22": 1,
                "23": 46,
                "24": 4,
                "25": 6,
                "26": 19,
                "27": 20,
                "28": 21,
                "29": 38,
                "30": 7,
                "31": 22,
                "32": 23,
                "33": 2,
                "34": 3,
                "35": 38,
                "36": 5,
                "37": 6,
                "38": 9,
                "39": 7,
                "40": 39,
                "41": 3,
                "42": 4,
                "43": 8,
                "44": 1,
                "45": 16,
                "46": 42,
                "47": 2,
                "48": 17,
                "49": 18,
                "50": 43,
                "51": 0,
                "52": 5,
                "53": 9,
                "54": 7,
                "55": 16,
                "56": 44,
                "57": 45,
                "58": 1,
                "59": 19,
                "60": 20,
                "61": 4,
                "62": 18,
                "63": 21,
                "64": 0,
                "65": 38,
                "66": 2,
                "67": 39,
                "68": 3,
                "69": 4,
                "70": 1,
                "71": 42,
                "72": 5,
                "73": 6,
                "74": 46,
                "75": 2,
                "76": 0,
                "77": 7,
                "78": 43,
                "79": 8,
                "80": 38,
                "81": 4,
                "82": 5,
                "83": 9,
                "84": 44,
                "85": 0,
                "86": 47,
                "87": 1,
                "88": 3,
                "89": 16,
                "90": 2,
                "91": 45,
                "92": 4,
                "93": 6,
                "94": 7,
                "95": 39,
                "96": 1,
                "97": 38,
                "98": 0,
                "99": 5,
                "100": 42,
                "101": 17,
                "102": 4,
                "103": 2,
                "104": 3,
                "105": 8,
                "106": 5,
                "107": 43,
                "108": 6,
                "109": 9,
                "110": 44,
                "111": 3,
                "112": 16,
                "113": 18,
                "114": 39,
                "115": 7,
                "116": 9,
                "117": 19,
                "118": 42,
                "119": 2,
                "120": 20,
                "121": 5,
                "122": 38,
                "123": 21,
                "124": 22,
                "125": 23,
                "126": 43,
                "127": 3,
                "128": 8,
                "129": 24,
                "130": 18,
                "131": 44,
                "132": 25,
                "133": 26,
                "134": 17,
                "135": 27,
                "136": 39,
                "137": 28,
                "138": 29,
                "139": 42,
                "140": 16,
                "141": 30,
                "142": 31,
                "143": 45,
                "144": 18,
                "145": 23,
                "146": 46,
                "147": 32,
                "148": 47,
                "149": 19,
                "150": 21,
                "151": 20,
                "152": 43,
                "153": 25,
                "154": 27,
                "155": 28,
                "156": 17,
                "157": 39,
                "158": 27,
                "159": 44,
                "160": 31,
                "161": 26,
                "162": 20,
                "163": 24,
                "164": 17,
                "165": 42,
                "166": 18,
                "167": 45,
                "168": 21,
                "169": 22,
                "170": 17,
                "171": 23,
                "172": 18,
                "173": 25,
                "174": 26,
                "175": 19,
                "176": 46,
                "177": 20,
                "178": 21,
                "179": 27,
                "180": 22,
                "181": 21,
                "182": 47,
                "183": 23,
                "184": 20,
                "185": 28,
                "186": 19,
                "187": 29,
                "188": 48,
                "189": 23,
                "190": 30,
                "191": 22,
                "192": 31,
                "193": 24,
                "194": 26,
                "195": 46,
                "196": 23,
                "197": 25,
                "198": 23
            }
        }
    },
    {
        "route_id": 4,
        "route_item": {
            "0": {
                "0": 0,
                "1": 1,
                "2": 2,
                "3": 3,
                "4": 4,
                "5": 5,
                "6": 0,
                "7": 1,
                "8": 6,
                "9": 38,
                "10": 7,
                "11": 8,
                "12": 9,
                "13": 16,
                "14": 39,
                "15": 42,
                "16": 43,
                "17": 44,
                "18": 45,
                "19": 0,
                "20": 17,
                "21": 18,
                "22": 1,
                "23": 46,
                "24": 4,
                "25": 6,
                "26": 19,
                "27": 20,
                "28": 21,
                "29": 38,
                "30": 7,
                "31": 22,
                "32": 23,
                "33": 2,
                "34": 3,
                "35": 38,
                "36": 5,
                "37": 6,
                "38": 9,
                "39": 7,
                "40": 39,
                "41": 3,
                "42": 4,
                "43": 8,
                "44": 1,
                "45": 16,
                "46": 42,
                "47": 2,
                "48": 17,
                "49": 18,
                "50": 43,
                "51": 0,
                "52": 5,
                "53": 9,
                "54": 7,
                "55": 16,
                "56": 44,
                "57": 45,
                "58": 1,
                "59": 19,
                "60": 20,
                "61": 4,
                "62": 18,
                "63": 21,
                "64": 0,
                "65": 38,
                "66": 2,
                "67": 39,
                "68": 3,
                "69": 4,
                "70": 1,
                "71": 42,
                "72": 5,
                "73": 6,
                "74": 46,
                "75": 2,
                "76": 0,
                "77": 7,
                "78": 43,
                "79": 8,
                "80": 38,
                "81": 4,
                "82": 5,
                "83": 9,
                "84": 44,
                "85": 0,
                "86": 47,
                "87": 1,
                "88": 3,
                "89": 16,
                "90": 2,
                "91": 45,
                "92": 4,
                "93": 6,
                "94": 7,
                "95": 39,
                "96": 1,
                "97": 38,
                "98": 0,
                "99": 5,
                "100": 42,
                "101": 17,
                "102": 4,
                "103": 2,
                "104": 3,
                "105": 8,
                "106": 5,
                "107": 43,
                "108": 6,
                "109": 9,
                "110": 44,
                "111": 3,
                "112": 16,
                "113": 18,
                "114": 39,
                "115": 7,
                "116": 9,
                "117": 19,
                "118": 42,
                "119": 2,
                "120": 20,
                "121": 5,
                "122": 38,
                "123": 21,
                "124": 22,
                "125": 23,
                "126": 43,
                "127": 3,
                "128": 8,
                "129": 24,
                "130": 18,
                "131": 44,
                "132": 25,
                "133": 26,
                "134": 17,
                "135": 27,
                "136": 39,
                "137": 28,
                "138": 29,
                "139": 42,
                "140": 16,
                "141": 30,
                "142": 31,
                "143": 45,
                "144": 18,
                "145": 23,
                "146": 46,
                "147": 32,
                "148": 47,
                "149": 19,
                "150": 21,
                "151": 20,
                "152": 43,
                "153": 25,
                "154": 27,
                "155": 28,
                "156": 17,
                "157": 39,
                "158": 27,
                "159": 44,
                "160": 31,
                "161": 26,
                "162": 20,
                "163": 24,
                "164": 17,
                "165": 42,
                "166": 18,
                "167": 45,
                "168": 21,
                "169": 22,
                "170": 17,
                "171": 23,
                "172": 18,
                "173": 25,
                "174": 26,
                "175": 19,
                "176": 46,
                "177": 20,
                "178": 21,
                "179": 27,
                "180": 22,
                "181": 21,
                "182": 47,
                "183": 23,
                "184": 20,
                "185": 28,
                "186": 19,
                "187": 29,
                "188": 48,
                "189": 23,
                "190": 30,
                "191": 22,
                "192": 31,
                "193": 24,
                "194": 26,
                "195": 46,
                "196": 23,
                "197": 25,
                "198": 23
            },
            "1": {
                "0": 0,
                "1": 1,
                "2": 2,
                "3": 3,
                "4": 4,
                "5": 5,
                "6": 0,
                "7": 1,
                "8": 6,
                "9": 38,
                "10": 7,
                "11": 8,
                "12": 9,
                "13": 16,
                "14": 39,
                "15": 42,
                "16": 43,
                "17": 44,
                "18": 45,
                "19": 0,
                "20": 17,
                "21": 18,
                "22": 1,
                "23": 46,
                "24": 4,
                "25": 6,
                "26": 19,
                "27": 20,
                "28": 21,
                "29": 38,
                "30": 7,
                "31": 22,
                "32": 23,
                "33": 2,
                "34": 3,
                "35": 38,
                "36": 5,
                "37": 6,
                "38": 9,
                "39": 7,
                "40": 39,
                "41": 3,
                "42": 4,
                "43": 8,
                "44": 1,
                "45": 16,
                "46": 42,
                "47": 2,
                "48": 17,
                "49": 18,
                "50": 43,
                "51": 0,
                "52": 5,
                "53": 9,
                "54": 7,
                "55": 16,
                "56": 44,
                "57": 45,
                "58": 1,
                "59": 19,
                "60": 20,
                "61": 4,
                "62": 18,
                "63": 21,
                "64": 0,
                "65": 38,
                "66": 2,
                "67": 39,
                "68": 3,
                "69": 4,
                "70": 1,
                "71": 42,
                "72": 5,
                "73": 6,
                "74": 46,
                "75": 2,
                "76": 0,
                "77": 7,
                "78": 43,
                "79": 8,
                "80": 38,
                "81": 4,
                "82": 5,
                "83": 9,
                "84": 44,
                "85": 0,
                "86": 47,
                "87": 1,
                "88": 3,
                "89": 16,
                "90": 2,
                "91": 45,
                "92": 4,
                "93": 6,
                "94": 7,
                "95": 39,
                "96": 1,
                "97": 38,
                "98": 0,
                "99": 5,
                "100": 42,
                "101": 17,
                "102": 4,
                "103": 2,
                "104": 3,
                "105": 8,
                "106": 5,
                "107": 43,
                "108": 6,
                "109": 9,
                "110": 44,
                "111": 3,
                "112": 16,
                "113": 18,
                "114": 39,
                "115": 7,
                "116": 9,
                "117": 19,
                "118": 42,
                "119": 2,
                "120": 20,
                "121": 5,
                "122": 38,
                "123": 21,
                "124": 22,
                "125": 23,
                "126": 43,
                "127": 3,
                "128": 8,
                "129": 24,
                "130": 18,
                "131": 44,
                "132": 25,
                "133": 26,
                "134": 17,
                "135": 27,
                "136": 39,
                "137": 28,
                "138": 29,
                "139": 42,
                "140": 16,
                "141": 30,
                "142": 31,
                "143": 45,
                "144": 18,
                "145": 23,
                "146": 46,
                "147": 32,
                "148": 47,
                "149": 19,
                "150": 21,
                "151": 20,
                "152": 43,
                "153": 25,
                "154": 27,
                "155": 28,
                "156": 17,
                "157": 39,
                "158": 27,
                "159": 44,
                "160": 31,
                "161": 26,
                "162": 20,
                "163": 24,
                "164": 17,
                "165": 42,
                "166": 18,
                "167": 45,
                "168": 21,
                "169": 22,
                "170": 17,
                "171": 23,
                "172": 18,
                "173": 25,
                "174": 26,
                "175": 19,
                "176": 46,
                "177": 20,
                "178": 21,
                "179": 27,
                "180": 22,
                "181": 21,
                "182": 47,
                "183": 23,
                "184": 20,
                "185": 28,
                "186": 19,
                "187": 29,
                "188": 48,
                "189": 23,
                "190": 30,
                "191": 22,
                "192": 31,
                "193": 24,
                "194": 26,
                "195": 46,
                "196": 23,
                "197": 25,
                "198": 23
            }
        }
    },
    {
        "route_id": 4,
        "route_item": {
            "0": {
                "0": 0,
                "1": 1,
                "2": 2,
                "3": 3,
                "4": 4,
                "5": 5,
                "6": 0,
                "7": 1,
                "8": 6,
                "9": 38,
                "10": 7,
                "11": 8,
                "12": 9,
                "13": 16,
                "14": 39,
                "15": 42,
                "16": 43,
                "17": 44,
                "18": 45,
                "19": 0,
                "20": 17,
                "21": 18,
                "22": 1,
                "23": 46,
                "24": 4,
                "25": 6,
                "26": 19,
                "27": 20,
                "28": 21,
                "29": 38,
                "30": 7,
                "31": 22,
                "32": 23,
                "33": 2,
                "34": 3,
                "35": 38,
                "36": 5,
                "37": 6,
                "38": 9,
                "39": 7,
                "40": 39,
                "41": 3,
                "42": 4,
                "43": 8,
                "44": 1,
                "45": 16,
                "46": 42,
                "47": 2,
                "48": 17,
                "49": 18,
                "50": 43,
                "51": 0,
                "52": 5,
                "53": 9,
                "54": 7,
                "55": 16,
                "56": 44,
                "57": 45,
                "58": 1,
                "59": 19,
                "60": 20,
                "61": 4,
                "62": 18,
                "63": 21,
                "64": 0,
                "65": 38,
                "66": 2,
                "67": 39,
                "68": 3,
                "69": 4,
                "70": 1,
                "71": 42,
                "72": 5,
                "73": 6,
                "74": 46,
                "75": 2,
                "76": 0,
                "77": 7,
                "78": 43,
                "79": 8,
                "80": 38,
                "81": 4,
                "82": 5,
                "83": 9,
                "84": 44,
                "85": 0,
                "86": 47,
                "87": 1,
                "88": 3,
                "89": 16,
                "90": 2,
                "91": 45,
                "92": 4,
                "93": 6,
                "94": 7,
                "95": 39,
                "96": 1,
                "97": 38,
                "98": 0,
                "99": 5,
                "100": 42,
                "101": 17,
                "102": 4,
                "103": 2,
                "104": 3,
                "105": 8,
                "106": 5,
                "107": 43,
                "108": 6,
                "109": 9,
                "110": 44,
                "111": 3,
                "112": 16,
                "113": 18,
                "114": 39,
                "115": 7,
                "116": 9,
                "117": 19,
                "118": 42,
                "119": 2,
                "120": 20,
                "121": 5,
                "122": 38,
                "123": 21,
                "124": 22,
                "125": 23,
                "126": 43,
                "127": 3,
                "128": 8,
                "129": 24,
                "130": 18,
                "131": 44,
                "132": 25,
                "133": 26,
                "134": 17,
                "135": 27,
                "136": 39,
                "137": 28,
                "138": 29,
                "139": 42,
                "140": 16,
                "141": 30,
                "142": 31,
                "143": 45,
                "144": 18,
                "145": 23,
                "146": 46,
                "147": 32,
                "148": 47,
                "149": 19,
                "150": 21,
                "151": 20,
                "152": 43,
                "153": 25,
                "154": 27,
                "155": 28,
                "156": 17,
                "157": 39,
                "158": 27,
                "159": 44,
                "160": 31,
                "161": 26,
                "162": 20,
                "163": 24,
                "164": 17,
                "165": 42,
                "166": 18,
                "167": 45,
                "168": 21,
                "169": 22,
                "170": 17,
                "171": 23,
                "172": 18,
                "173": 25,
                "174": 26,
                "175": 19,
                "176": 46,
                "177": 20,
                "178": 21,
                "179": 27,
                "180": 22,
                "181": 21,
                "182": 47,
                "183": 23,
                "184": 20,
                "185": 28,
                "186": 19,
                "187": 29,
                "188": 48,
                "189": 23,
                "190": 30,
                "191": 22,
                "192": 31,
                "193": 24,
                "194": 26,
                "195": 46,
                "196": 23,
                "197": 25,
                "198": 23
            },
            "1": {
                "0": 0,
                "1": 1,
                "2": 2,
                "3": 3,
                "4": 4,
                "5": 5,
                "6": 0,
                "7": 1,
                "8": 6,
                "9": 38,
                "10": 7,
                "11": 8,
                "12": 9,
                "13": 16,
                "14": 39,
                "15": 42,
                "16": 43,
                "17": 44,
                "18": 45,
                "19": 0,
                "20": 17,
                "21": 18,
                "22": 1,
                "23": 46,
                "24": 4,
                "25": 6,
                "26": 19,
                "27": 20,
                "28": 21,
                "29": 38,
                "30": 7,
                "31": 22,
                "32": 23,
                "33": 2,
                "34": 3,
                "35": 38,
                "36": 5,
                "37": 6,
                "38": 9,
                "39": 7,
                "40": 39,
                "41": 3,
                "42": 4,
                "43": 8,
                "44": 1,
                "45": 16,
                "46": 42,
                "47": 2,
                "48": 17,
                "49": 18,
                "50": 43,
                "51": 0,
                "52": 5,
                "53": 9,
                "54": 7,
                "55": 16,
                "56": 44,
                "57": 45,
                "58": 1,
                "59": 19,
                "60": 20,
                "61": 4,
                "62": 18,
                "63": 21,
                "64": 0,
                "65": 38,
                "66": 2,
                "67": 39,
                "68": 3,
                "69": 4,
                "70": 1,
                "71": 42,
                "72": 5,
                "73": 6,
                "74": 46,
                "75": 2,
                "76": 0,
                "77": 7,
                "78": 43,
                "79": 8,
                "80": 38,
                "81": 4,
                "82": 5,
                "83": 9,
                "84": 44,
                "85": 0,
                "86": 47,
                "87": 1,
                "88": 3,
                "89": 16,
                "90": 2,
                "91": 45,
                "92": 4,
                "93": 6,
                "94": 7,
                "95": 39,
                "96": 1,
                "97": 38,
                "98": 0,
                "99": 5,
                "100": 42,
                "101": 17,
                "102": 4,
                "103": 2,
                "104": 3,
                "105": 8,
                "106": 5,
                "107": 43,
                "108": 6,
                "109": 9,
                "110": 44,
                "111": 3,
                "112": 16,
                "113": 18,
                "114": 39,
                "115": 7,
                "116": 9,
                "117": 19,
                "118": 42,
                "119": 2,
                "120": 20,
                "121": 5,
                "122": 38,
                "123": 21,
                "124": 22,
                "125": 23,
                "126": 43,
                "127": 3,
                "128": 8,
                "129": 24,
                "130": 18,
                "131": 44,
                "132": 25,
                "133": 26,
                "134": 17,
                "135": 27,
                "136": 39,
                "137": 28,
                "138": 29,
                "139": 42,
                "140": 16,
                "141": 30,
                "142": 31,
                "143": 45,
                "144": 18,
                "145": 23,
                "146": 46,
                "147": 32,
                "148": 47,
                "149": 19,
                "150": 21,
                "151": 20,
                "152": 43,
                "153": 25,
                "154": 27,
                "155": 28,
                "156": 17,
                "157": 39,
                "158": 27,
                "159": 44,
                "160": 31,
                "161": 26,
                "162": 20,
                "163": 24,
                "164": 17,
                "165": 42,
                "166": 18,
                "167": 45,
                "168": 21,
                "169": 22,
                "170": 17,
                "171": 23,
                "172": 18,
                "173": 25,
                "174": 26,
                "175": 19,
                "176": 46,
                "177": 20,
                "178": 21,
                "179": 27,
                "180": 22,
                "181": 21,
                "182": 47,
                "183": 23,
                "184": 20,
                "185": 28,
                "186": 19,
                "187": 29,
                "188": 48,
                "189": 23,
                "190": 30,
                "191": 22,
                "192": 31,
                "193": 24,
                "194": 26,
                "195": 46,
                "196": 23,
                "197": 25,
                "198": 23
            }
        }
    }
]