[
    {
        "route_id": 4,
        "route_item": {
            "0": {
                "0": 0,
                "1": 0,
                "2": 1,
                "3": 38,
                "4": 2,
                "5": 3,
                "6": 4,
                "7": 39,
                "8": 40,
                "9": 41,
                "10": 42,
                "11": 0,
                "12": 43,
                "13": 1,
                "14": 5,
                "15": 6,
                "16": 7,
                "17": 8,
                "18": 38,
                "19": 2,
                "20": 9,
                "21": 10,
                "22": 5,
                "23": 38,
                "24": 2,
                "25": 4,
                "26": 6,
                "27": 11,
                "28": 12,
                "29": 39,
                "30": 1,
                "31": 3,
                "32": 11,
                "33": 13,
                "34": 8,
                "35": 7,
                "36": 40,
                "37": 5,
                "38": 9,
                "39": 10,
                "40": 0,
                "41": 41,
                "42": 3,
                "43": 6,
                "44": 4,
                "45": 42,
                "46": 43,
                "47": 7,
                "48": 8,
                "49": 10,
                "50": 2,
                "51": 9,
                "52": 11,
                "53": 0,
                "54": 38,
                "55": 1,
                "56": 39,
                "57": 12,
                "58": 13,
                "59": 3,
                "60": 40,
                "61": 5,
                "62": 14,
                "63": 41,
                "64": 1,
                "65": 0,
                "66": 2,
                "67": 44,
                "68": 6,
                "69": 38,
                "70": 4,
                "71": 5,
                "72": 7,
                "73": 42,
                "74": 2,
                "75": 45,
                "76": 3,
                "77": 8,
                "78": 9,
                "79": 1,
                "80": 0,
                "81": 43,
                "82": 4,
                "83": 6,
                "84": 10,
                "85": 39,
                "86": 2,
                "87": 38,
                "88": 3,
                "89": 40,
                "90": 5,
                "91": 7,
                "92": 0,
                "93": 1,
                "94": 8,
                "95": 2,
                "96": 41,
                "97": 4,
                "98": 6,
                "99": 42,
                "100": 1,
                "101": 9,
                "102": 3,
                "103": 39,
                "104": 7,
                "105": 5,
                "106": 10,
                "107": 40,
                "108": 0,
                "109": 6,
                "110": 11,
                "111": 38,
                "112": 8,
                "113": 7,
                "114": 12,
                "115": 41,
                "116": 4,
                "117": 13,
                "118": 14,
                "119": 42,
                "120": 3,
                "121": 9,
                "122": 8,
                "123": 10,
                "124": 39,
                "125": 15,
                "126": 16,
                "127": 40,
                "128": 17,
                "129": 18,
                "130": 19,
                "131": 43,
                "132": 11,
                "133": 20,
                "134": 44,
                "135": 4,
                "136": 10,
                "137": 21,
                "138": 41,
                "139": 22,
                "140": 23,
                "141": 24,
                "142": 8,
                "143": 39,
                "144": 42,
                "145": 13,
                "146": 12,
                "147": 9,
                "148": 14,
                "149": 11,
                "150": 40,
                "151": 43,
                "152": 15,
                "153": 16,
                "154": 17,
                "155": 18,
                "156": 11,
                "157": 12,
                "158": 19,
                "159": 15,
                "160": 44,
                "161": 18,
                "162": 20,
                "163": 13,
                "164": 16,
                "165": 45,
                "166": 17,
                "167": 21,
                "168": 19,
                "169": 22,
                "170": 23,
                "171": 46,
                "172": 17,
                "173": 24,
                "174": 12,
                "175": 13,
                "176": 14,
                "177": 15,
                "178": 45,
                "179": 13,
                "180": 18,
                "181": 16
            },
            "1": {
                "0": 0,
                "1": 0,
                "2": 1,
                "3": 38,
                "4": 2,
                "5": 3,
                "6": 4,
                "7": 39,
                "8": 40,
                "9": 41,
                "10": 42,
                "11": 0,
                "12": 43,
                "13": 1,
                "14": 5,
                "15": 6,
                "16": 7,
                "17": 8,
                "18": 38,
                "19": 2,
                "20": 9,
                "21": 10,
                "22": 5,
                "23": 38,
                "24": 2,
                "25": 4,
                "26": 6,
                "27": 11,
                "28": 12,
                "29": 39,
                "30": 1,
                "31": 3,
                "32": 11,
                "33": 13,
                "34": 8,
                "35": 7,
                "36": 40,
                "37": 5,
                "38": 9,
                "39": 10,
                "40": 0,
                "41": 41,
                "42": 3,
                "43": 6,
                "44": 4,
                "45": 42,
                "46": 43,
                "47": 7,
                "48": 8,
                "49": 10,
                "50": 2,
                "51": 9,
                "52": 11,
                "53": 0,
                "54": 38,
                "55": 1,
                "56": 39,
                "57": 12,
                "58": 13,
                "59": 3,
                "60": 40,
                "61": 5,
                "62": 14,
                "63": 41,
                "64": 1,
                "65": 0,
                "66": 2,
                "67": 44,
                "68": 6,
                "69": 38,
                "70": 4,
                "71": 5,
                "72": 7,
                "73": 42,
                "74": 2,
                "75": 45,
                "76": 3,
                "77": 8,
                "78": 9,
                "79": 1,
                "80": 0,
                "81": 43,
                "82": 4,
                "83": 6,
                "84": 10,
                "85": 39,
                "86": 2,
                "87": 38,
                "88": 3,
                "89": 40,
                "90": 5,
                "91": 7,
                "92": 0,
                "93": 1,
                "94": 8,
                "95": 2,
                "96": 41,
                "97": 4,
                "98": 6,
                "99": 42,
                "100": 1,
                "101": 9,
                "102": 3,
                "103": 39,
                "104": 7,
                "105": 5,
                "106": 10,
                "107": 40,
                "108": 0,
                "109": 6,
                "110": 11,
                "111": 38,
                "112": 8,
                "113": 7,
                "114": 12,
                "115": 41,
                "116": 4,
                "117": 13,
                "118": 14,
                "119": 42,
                "120": 3,
                "121": 9,
                "122": 8,
                "123": 10,
                "124": 39,
                "125": 15,
                "126": 16,
                "127": 40,
                "128": 17,
                "129": 18,
                "130": 19,
                "131": 43,
                "132": 11,
                "133": 20,
                "134": 44,
                "135": 4,
                "136": 10,
                "137": 21,
                "138": 41,
                "139": 22,
                "140": 23,
                "141": 24,
                "142": 8,
                "143": 39,
                "144": 42,
                "145": 13,
                "146": 12,
                "147": 9,
                "148": 14,
                "149": 11,
                "150": 40,
                "151": 43,
                "152": 15,
                "153": 16,
                "154": 17,
                "155": 18,
                "156": 11,
                "157": 12,
                "158": 19,
                "159": 15,
                "160": 44,
                "161": 18,
                "162": 20,
                "163": 13,
                "164": 16,
                "165": 45,
                "166": 17,
                "167": 21,
                "168": 19,
                "169": 22,
                "170": 23,
                "171": 46,
                "172": 17,
                "173": 24,
                "174": 12,
                "175": 13,
                "176": 14,
                "177": 15,
                "178": 45,
                "179": 13,
                "180": 18,
                "181": 16
            }
        }
    },
    {
        "route_id": 4,
        "route_item": {
            "0": {
                "0": 0,
                "1": 0,
                "2": 1,
                "3": 38,
                "4": 2,
                "5": 3,
                "6": 4,
                "7": 39,
                "8": 40,
                "9": 41,
                "10": 42,
                "11": 0,
                "12": 43,
                "13": 1,
                "14": 5,
                "15": 6,
                "16": 7,
                "17": 8,
                "18": 38,
                "19": 2,
                "20": 9,
                "21": 10,
                "22": 5,
                "23": 38,
                "24": 2,
                "25": 4,
                "26": 6,
                "27": 11,
                "28": 12,
                "29": 39,
                "30": 1,
                "31": 3,
                "32": 11,
                "33": 13,
                "34": 8,
                "35": 7,
                "36": 40,
                "37": 5,
                "38": 9,
                "39": 10,
                "40": 0,
                "41": 41,
                "42": 3,
                "43": 6,
                "44": 4,
                "45": 42,
                "46": 43,
                "47": 7,
                "48": 8,
                "49": 10,
                "50": 2,
                "51": 9,
                "52": 11,
                "53": 0,
                "54": 38,
                "55": 1,
                "56": 39,
                "57": 12,
                "58": 13,
                "59": 3,
                "60": 40,
                "61": 5,
                "62": 14,
                "63": 41,
                "64": 1,
                "65": 0,
                "66": 2,
                "67": 44,
                "68": 6,
                "69": 38,
                "70": 4,
                "71": 5,
                "72": 7,
                "73": 42,
                "74": 2,
                "75": 45,
                "76": 3,
                "77": 8,
                "78": 9,
                "79": 1,
                "80": 0,
                "81": 43,
                "82": 4,
                "83": 6,
                "84": 10,
                "85": 39,
                "86": 2,
                "87": 38,
                "88": 3,
                "89": 40,
                "90": 5,
                "91": 7,
                "92": 0,
                "93": 1,
                "94": 8,
                "95": 2,
                "96": 41,
                "97": 4,
                "98": 6,
                "99": 42,
                "100": 1,
                "101": 9,
                "102": 3,
                "103": 39,
                "104": 7,
                "105": 5,
                "106": 10,
                "107": 40,
                "108": 0,
                "109": 6,
                "110": 11,
                "111": 38,
                "112": 8,
                "113": 7,
                "114": 12,
                "115": 41,
                "116": 4,
                "117": 13,
                "118": 14,
                "119": 42,
                "120": 3,
                "121": 9,
                "122": 8,
                "123": 10,
                "124": 39,
                "125": 15,
                "126": 16,
                "127": 40,
                "128": 17,
                "129": 18,
                "130": 19,
                "131": 43,
                "132": 11,
                "133": 20,
                "134": 44,
                "135": 4,
                "136": 10,
                "137": 21,
                "138": 41,
                "139": 22,
                "140": 23,
                "141": 24,
                "142": 8,
                "143": 39,
                "144": 42,
                "145": 13,
                "146": 12,
                "147": 9,
                "148": 14,
                "149": 11,
                "150": 40,
                "151": 43,
                "152": 15,
                "153": 16,
                "154": 17,
                "155": 18,
                "156": 11,
                "157": 12,
                "158": 19,
                "159": 15,
                "160": 44,
                "161": 18,
                "162": 20,
                "163": 13,
                "164": 16,
                "165": 45,
                "166": 17,
                "167": 21,
                "168": 19,
                "169": 22,
                "170": 23,
                "171": 46,
                "172": 17,
                "173": 24,
                "174": 12,
                "175": 13,
                "176": 14,
                "177": 15,
                "178": 45,
                "179": 13,
                "180": 18,
                "181": 16
            },
            "1": {
                "0": 0,
                "1": 0,
                "2": 1,
                "3": 38,
                "4": 2,
                "5": 3,
                "6": 4,
                "7": 39,
                "8": 40,
                "9": 41,
                "10": 42,
                "11": 0,
                "12": 43,
                "13": 1,
                "14": 5,
                "15": 6,
                "16": 7,
                "17": 8,
                "18": 38,
                "19": 2,
                "20": 9,
                "21": 10,
                "22": 5,
                "23": 38,
                "24": 2,
                "25": 4,
                "26": 6,
                "27": 11,
                "28": 12,
                "29": 39,
                "30": 1,
                "31": 3,
                "32": 11,
                "33": 13,
                "34": 8,
                "35": 7,
                "36": 40,
                "37": 5,
                "38": 9,
                "39": 10,
                "40": 0,
                "41": 41,
                "42": 3,
                "43": 6,
                "44": 4,
                "45": 42,
                "46": 43,
                "47": 7,
                "48": 8,
                "49": 10,
                "50": 2,
                "51": 9,
                "52": 11,
                "53": 0,
                "54": 38,
                "55": 1,
                "56": 39,
                "57": 12,
                "58": 13,
                "59": 3,
                "60": 40,
                "61": 5,
                "62": 14,
                "63": 41,
                "64": 1,
                "65": 0,
                "66": 2,
                "67": 44,
                "68": 6,
                "69": 38,
                "70": 4,
                "71": 5,
                "72": 7,
                "73": 42,
                "74": 2,
                "75": 45,
                "76": 3,
                "77": 8,
                "78": 9,
                "79": 1,
                "80": 0,
                "81": 43,
                "82": 4,
                "83": 6,
                "84": 10,
                "85": 39,
                "86": 2,
                "87": 38,
                "88": 3,
                "89": 40,
                "90": 5,
                "91": 7,
                "92": 0,
                "93": 1,
                "94": 8,
                "95": 2,
                "96": 41,
                "97": 4,
                "98": 6,
                "99": 42,
                "100": 1,
                "101": 9,
                "102": 3,
                "103": 39,
                "104": 7,
                "105": 5,
                "106": 10,
                "107": 40,
                "108": 0,
                "109": 6,
                "110": 11,
                "111": 38,
                "112": 8,
                "113": 7,
                "114": 12,
                "115": 41,
                "116": 4,
                "117": 13,
                "118": 14,
                "119": 42,
                "120": 3,
                "121": 9,
                "122": 8,
                "123": 10,
                "124": 39,
                "125": 15,
                "126": 16,
                "127": 40,
                "128": 17,
                "129": 18,
                "130": 19,
                "131": 43,
                "132": 11,
                "133": 20,
                "134": 44,
                "135": 4,
                "136": 10,
                "137": 21,
                "138": 41,
                "139": 22,
                "140": 23,
                "141": 24,
                "142": 8,
                "143": 39,
                "144": 42,
                "145": 13,
                "146": 12,
                "147": 9,
                "148": 14,
                "149": 11,
                "150": 40,
                "151": 43,
                "152": 15,
                "153": 16,
                "154": 17,
                "155": 18,
                "156": 11,
                "157": 12,
                "158": 19,
                "159": 15,
                "160": 44,
                "161": 18,
                "162": 20,
                "163": 13,
                "164": 16,
                "165": 45,
                "166": 17,
                "167": 21,
                "168": 19,
                "169": 22,
                "170": 23,
                "171": 46,
                "172": 17,
                "173": 24,
                "174": 12,
                "175": 13,
                "176": 14,
                "177": 15,
                "178": 45,
                "179": 13,
                "180": 18,
                "181": 16
            }
        }
    },
    {
        "route_id": 4,
        "route_item": {
            "0": {
                "0": 0,
                "1": 0,
                "2": 1,
                "3": 38,
                "4": 2,
                "5": 3,
                "6": 4,
                "7": 39,
                "8": 40,
                "9": 41,
                "10": 42,
                "11": 0,
                "12": 43,
                "13": 1,
                "14": 5,
                "15": 6,
                "16": 7,
                "17": 8,
                "18": 38,
                "19": 2,
                "20": 9,
                "21": 10,
                "22": 5,
                "23": 38,
                "24": 2,
                "25": 4,
                "26": 6,
                "27": 11,
                "28": 12,
                "29": 39,
                "30": 1,
                "31": 3,
                "32": 11,
                "33": 13,
                "34": 8,
                "35": 7,
                "36": 40,
                "37": 5,
                "38": 9,
                "39": 10,
                "40": 0,
                "41": 41,
                "42": 3,
                "43": 6,
                "44": 4,
                "45": 42,
                "46": 43,
                "47": 7,
                "48": 8,
                "49": 10,
                "50": 2,
                "51": 9,
                "52": 11,
                "53": 0,
                "54": 38,
                "55": 1,
                "56": 39,
                "57": 12,
                "58": 13,
                "59": 3,
                "60": 40,
                "61": 5,
                "62": 14,
                "63": 41,
                "64": 1,
                "65": 0,
                "66": 2,
                "67": 44,
                "68": 6,
                "69": 38,
                "70": 4,
                "71": 5,
                "72": 7,
                "73": 42,
                "74": 2,
                "75": 45,
                "76": 3,
                "77": 8,
                "78": 9,
                "79": 1,
                "80": 0,
                "81": 43,
                "82": 4,
                "83": 6,
                "84": 10,
                "85": 39,
                "86": 2,
                "87": 38,
                "88": 3,
                "89": 40,
                "90": 5,
                "91": 7,
                "92": 0,
                "93": 1,
                "94": 8,
                "95": 2,
                "96": 41,
                "97": 4,
                "98": 6,
                "99": 42,
                "100": 1,
                "101": 9,
                "102": 3,
                "103": 39,
                "104": 7,
                "105": 5,
                "106": 10,
                "107": 40,
                "108": 0,
                "109": 6,
                "110": 11,
                "111": 38,
                "112": 8,
                "113": 7,
                "114": 12,
                "115": 41,
                "116": 4,
                "117": 13,
                "118": 14,
                "119": 42,
                "120": 3,
                "121": 9,
                "122": 8,
                "123": 10,
                "124": 39,
                "125": 15,
                "126": 16,
                "127": 40,
                "128": 17,
                "129": 18,
                "130": 19,
                "131": 43,
                "132": 11,
                "133": 20,
                "134": 44,
                "135": 4,
                "136": 10,
                "137": 21,
                "138": 41,
                "139": 22,
                "140": 23,
                "141": 24,
                "142": 8,
                "143": 39,
                "144": 42,
                "145": 13,
                "146": 12,
                "147": 9,
                "148": 14,
                "149": 11,
                "150": 40,
                "151": 43,
                "152": 15,
                "153": 16,
                "154": 17,
                "155": 18,
                "156": 11,
                "157": 12,
                "158": 19,
                "159": 15,
                "160": 44,
                "161": 18,
                "162": 20,
                "163": 13,
                "164": 16,
                "165": 45,
                "166": 17,
                "167": 21,
                "168": 19,
                "169": 22,
                "170": 23,
                "171": 46,
                "172": 17,
                "173": 24,
                "174": 12,
                "175": 13,
                "176": 14,
                "177": 15,
                "178": 45,
                "179": 13,
                "180": 18,
                "181": 16
            },
            "1": {
                "0": 0,
                "1": 0,
                "2": 1,
                "3": 38,
                "4": 2,
                "5": 3,
                "6": 4,
                "7": 39,
                "8": 40,
                "9": 41,
                "10": 42,
                "11": 0,
                "12": 43,
                "13": 1,
                "14": 5,
                "15": 6,
                "16": 7,
                "17": 8,
                "18": 38,
                "19": 2,
                "20": 9,
                "21": 10,
                "22": 5,
                "23": 38,
                "24": 2,
                "25": 4,
                "26": 6,
                "27": 11,
                "28": 12,
                "29": 39,
                "30": 1,
                "31": 3,
                "32": 11,
                "33": 13,
                "34": 8,
                "35": 7,
                "36": 40,
                "37": 5,
                "38": 9,
                "39": 10,
                "40": 0,
                "41": 41,
                "42": 3,
                "43": 6,
                "44": 4,
                "45": 42,
                "46": 43,
                "47": 7,
                "48": 8,
                "49": 10,
                "50": 2,
                "51": 9,
                "52": 11,
                "53": 0,
                "54": 38,
                "55": 1,
                "56": 39,
                "57": 12,
                "58": 13,
                "59": 3,
                "60": 40,
                "61": 5,
                "62": 14,
                "63": 41,
                "64": 1,
                "65": 0,
                "66": 2,
                "67": 44,
                "68": 6,
                "69": 38,
                "70": 4,
                "71": 5,
                "72": 7,
                "73": 42,
                "74": 2,
                "75": 45,
                "76": 3,
                "77": 8,
                "78": 9,
                "79": 1,
                "80": 0,
                "81": 43,
                "82": 4,
                "83": 6,
                "84": 10,
                "85": 39,
                "86": 2,
                "87": 38,
                "88": 3,
                "89": 40,
                "90": 5,
                "91": 7,
                "92": 0,
                "93": 1,
                "94": 8,
                "95": 2,
                "96": 41,
                "97": 4,
                "98": 6,
                "99": 42,
                "100": 1,
                "101": 9,
                "102": 3,
                "103": 39,
                "104": 7,
                "105": 5,
                "106": 10,
                "107": 40,
                "108": 0,
                "109": 6,
                "110": 11,
                "111": 38,
                "112": 8,
                "113": 7,
                "114": 12,
                "115": 41,
                "116": 4,
                "117": 13,
                "118": 14,
                "119": 42,
                "120": 3,
                "121": 9,
                "122": 8,
                "123": 10,
                "124": 39,
                "125": 15,
                "126": 16,
                "127": 40,
                "128": 17,
                "129": 18,
                "130": 19,
                "131": 43,
                "132": 11,
                "133": 20,
                "134": 44,
                "135": 4,
                "136": 10,
                "137": 21,
                "138": 41,
                "139": 22,
                "140": 23,
                "141": 24,
                "142": 8,
                "143": 39,
                "144": 42,
                "145": 13,
                "146": 12,
                "147": 9,
                "148": 14,
                "149": 11,
                "150": 40,
                "151": 43,
                "152": 15,
                "153": 16,
                "154": 17,
                "155": 18,
                "156": 11,
                "157": 12,
                "158": 19,
                "159": 15,
                "160": 44,
                "161": 18,
                "162": 20,
                "163": 13,
                "164": 16,
                "165": 45,
                "166": 17,
                "167": 21,
                "168": 19,
                "169": 22,
                "170": 23,
                "171": 46,
                "172": 17,
                "173": 24,
                "174": 12,
                "175": 13,
                "176": 14,
                "177": 15,
                "178": 45,
                "179": 13,
                "180": 18,
                "181": 16
            }
        }
    },
    {
        "route_id": 4,
        "route_item": {
            "0": {
                "0": 0,
                "1": 0,
                "2": 1,
                "3": 38,
                "4": 2,
                "5": 3,
                "6": 4,
                "7": 39,
                "8": 40,
                "9": 41,
                "10": 42,
                "11": 0,
                "12": 43,
                "13": 1,
                "14": 5,
                "15": 6,
                "16": 7,
                "17": 8,
                "18": 38,
                "19": 2,
                "20": 9,
                "21": 10,
                "22": 5,
                "23": 38,
                "24": 2,
                "25": 4,
                "26": 6,
                "27": 11,
                "28": 12,
                "29": 39,
                "30": 1,
                "31": 3,
                "32": 11,
                "33": 13,
                "34": 8,
                "35": 7,
                "36": 40,
                "37": 5,
                "38": 9,
                "39": 10,
                "40": 0,
                "41": 41,
                "42": 3,
                "43": 6,
                "44": 4,
                "45": 42,
                "46": 43,
                "47": 7,
                "48": 8,
                "49": 10,
                "50": 2,
                "51": 9,
                "52": 11,
                "53": 0,
                "54": 38,
                "55": 1,
                "56": 39,
                "57": 12,
                "58": 13,
                "59": 3,
                "60": 40,
                "61": 5,
                "62": 14,
                "63": 41,
                "64": 1,
                "65": 0,
                "66": 2,
                "67": 44,
                "68": 6,
                "69": 38,
                "70": 4,
                "71": 5,
                "72": 7,
                "73": 42,
                "74": 2,
                "75": 45,
                "76": 3,
                "77": 8,
                "78": 9,
                "79": 1,
                "80": 0,
                "81": 43,
                "82": 4,
                "83": 6,
                "84": 10,
                "85": 39,
                "86": 2,
                "87": 38,
                "88": 3,
                "89": 40,
                "90": 5,
                "91": 7,
                "92": 0,
                "93": 1,
                "94": 8,
                "95": 2,
                "96": 41,
                "97": 4,
                "98": 6,
                "99": 42,
                "100": 1,
                "101": 9,
                "102": 3,
                "103": 39,
                "104": 7,
                "105": 5,
                "106": 10,
                "107": 40,
                "108": 0,
                "109": 6,
                "110": 11,
                "111": 38,
                "112": 8,
                "113": 7,
                "114": 12,
                "115": 41,
                "116": 4,
                "117": 13,
                "118": 14,
                "119": 42,
                "120": 3,
                "121": 9,
                "122": 8,
                "123": 10,
                "124": 39,
                "125": 15,
                "126": 16,
                "127": 40,
                "128": 17,
                "129": 18,
                "130": 19,
                "131": 43,
                "132": 11,
                "133": 20,
                "134": 44,
                "135": 4,
                "136": 10,
                "137": 21,
                "138": 41,
                "139": 22,
                "140": 23,
                "141": 24,
                "142": 8,
                "143": 39,
                "144": 42,
                "145": 13,
                "146": 12,
                "147": 9,
                "148": 14,
                "149": 11,
                "150": 40,
                "151": 43,
                "152": 15,
                "153": 16,
                "154": 17,
                "155": 18,
                "156": 11,
                "157": 12,
                "158": 19,
                "159": 15,
                "160": 44,
                "161": 18,
                "162": 20,
                "163": 13,
                "164": 16,
                "165": 45,
                "166": 17,
                "167": 21,
                "168": 19,
                "169": 22,
                "170": 23,
                "171": 46,
                "172": 17,
                "173": 24,
                "174": 12,
                "175": 13,
                "176": 14,
                "177": 15,
                "178": 45,
                "179": 13,
                "180": 18,
                "181": 16
            },
            "1": {
                "0": 0,
                "1": 0,
                "2": 1,
                "3": 38,
                "4": 2,
                "5": 3,
                "6": 4,
                "7": 39,
                "8": 40,
                "9": 41,
                "10": 42,
                "11": 0,
                "12": 43,
                "13": 1,
                "14": 5,
                "15": 6,
                "16": 7,
                "17": 8,
                "18": 38,
                "19": 2,
                "20": 9,
                "21": 10,
                "22": 5,
                "23": 38,
                "24": 2,
                "25": 4,
                "26": 6,
                "27": 11,
                "28": 12,
                "29": 39,
                "30": 1,
                "31": 3,
                "32": 11,
                "33": 13,
                "34": 8,
                "35": 7,
                "36": 40,
                "37": 5,
                "38": 9,
                "39": 10,
                "40": 0,
                "41": 41,
                "42": 3,
                "43": 6,
                "44": 4,
                "45": 42,
                "46": 43,
                "47": 7,
                "48": 8,
                "49": 10,
                "50": 2,
                "51": 9,
                "52": 11,
                "53": 0,
                "54": 38,
                "55": 1,
                "56": 39,
                "57": 12,
                "58": 13,
                "59": 3,
                "60": 40,
                "61": 5,
                "62": 14,
                "63": 41,
                "64": 1,
                "65": 0,
                "66": 2,
                "67": 44,
                "68": 6,
                "69": 38,
                "70": 4,
                "71": 5,
                "72": 7,
                "73": 42,
                "74": 2,
                "75": 45,
                "76": 3,
                "77": 8,
                "78": 9,
                "79": 1,
                "80": 0,
                "81": 43,
                "82": 4,
                "83": 6,
                "84": 10,
                "85": 39,
                "86": 2,
                "87": 38,
                "88": 3,
                "89": 40,
                "90": 5,
                "91": 7,
                "92": 0,
                "93": 1,
                "94": 8,
                "95": 2,
                "96": 41,
                "97": 4,
                "98": 6,
                "99": 42,
                "100": 1,
                "101": 9,
                "102": 3,
                "103": 39,
                "104": 7,
                "105": 5,
                "106": 10,
                "107": 40,
                "108": 0,
                "109": 6,
                "110": 11,
                "111": 38,
                "112": 8,
                "113": 7,
                "114": 12,
                "115": 41,
                "116": 4,
                "117": 13,
                "118": 14,
                "119": 42,
                "120": 3,
                "121": 9,
                "122": 8,
                "123": 10,
                "124": 39,
                "125": 15,
                "126": 16,
                "127": 40,
                "128": 17,
                "129": 18,
                "130": 19,
                "131": 43,
                "132": 11,
                "133": 20,
                "134": 44,
                "135": 4,
                "136": 10,
                "137": 21,
                "138": 41,
                "139": 22,
                "140": 23,
                "141": 24,
                "142": 8,
                "143": 39,
                "144": 42,
                "145": 13,
                "146": 12,
                "147": 9,
                "148": 14,
                "149": 11,
                "150": 40,
                "151": 43,
                "152": 15,
                "153": 16,
                "154": 17,
                "155": 18,
                "156": 11,
                "157": 12,
                "158": 19,
                "159": 15,
                "160": 44,
                "161": 18,
                "162": 20,
                "163": 13,
                "164": 16,
                "165": 45,
                "166": 17,
                "167": 21,
                "168": 19,
                "169": 22,
                "170": 23,
                "171": 46,
                "172": 17,
                "173": 24,
                "174": 12,
                "175": 13,
                "176": 14,
                "177": 15,
                "178": 45,
                "179": 13,
                "180": 18,
                "181": 16
            }
        }
    },
    {
        "route_id": 4,
        "route_item": {
            "0": {
                "0": 0,
                "1": 0,
                "2": 1,
                "3": 38,
                "4": 2,
                "5": 3,
                "6": 4,
                "7": 39,
                "8": 40,
                "9": 41,
                "10": 42,
                "11": 0,
                "12": 43,
                "13": 1,
                "14": 5,
                "15": 6,
                "16": 7,
                "17": 8,
                "18": 38,
                "19": 2,
                "20": 9,
                "21": 10,
                "22": 5,
                "23": 38,
                "24": 2,
                "25": 4,
                "26": 6,
                "27": 11,
                "28": 12,
                "29": 39,
                "30": 1,
                "31": 3,
                "32": 11,
                "33": 13,
                "34": 8,
                "35": 7,
                "36": 40,
                "37": 5,
                "38": 9,
                "39": 10,
                "40": 0,
                "41": 41,
                "42": 3,
                "43": 6,
                "44": 4,
                "45": 42,
                "46": 43,
                "47": 7,
                "48": 8,
                "49": 10,
                "50": 2,
                "51": 9,
                "52": 11,
                "53": 0,
                "54": 38,
                "55": 1,
                "56": 39,
                "57": 12,
                "58": 13,
                "59": 3,
                "60": 40,
                "61": 5,
                "62": 14,
                "63": 41,
                "64": 1,
                "65": 0,
                "66": 2,
                "67": 44,
                "68": 6,
                "69": 38,
                "70": 4,
                "71": 5,
                "72": 7,
                "73": 42,
                "74": 2,
                "75": 45,
                "76": 3,
                "77": 8,
                "78": 9,
                "79": 1,
                "80": 0,
                "81": 43,
                "82": 4,
                "83": 6,
                "84": 10,
                "85": 39,
                "86": 2,
                "87": 38,
                "88": 3,
                "89": 40,
                "90": 5,
                "91": 7,
                "92": 0,
                "93": 1,
                "94": 8,
                "95": 2,
                "96": 41,
                "97": 4,
                "98": 6,
                "99": 42,
                "100": 1,
                "101": 9,
                "102": 3,
                "103": 39,
                "104": 7,
                "105": 5,
                "106": 10,
                "107": 40,
                "108": 0,
                "109": 6,
                "110": 11,
                "111": 38,
                "112": 8,
                "113": 7,
                "114": 12,
                "115": 41,
                "116": 4,
                "117": 13,
                "118": 14,
                "119": 42,
                "120": 3,
                "121": 9,
                "122": 8,
                "123": 10,
                "124": 39,
                "125": 15,
                "126": 16,
                "127": 40,
                "128": 17,
                "129": 18,
                "130": 19,
                "131": 43,
                "132": 11,
                "133": 20,
                "134": 44,
                "135": 4,
                "136": 10,
                "137": 21,
                "138": 41,
                "139": 22,
                "140": 23,
                "141": 24,
                "142": 8,
                "143": 39,
                "144": 42,
                "145": 13,
                "146": 12,
                "147": 9,
                "148": 14,
                "149": 11,
                "150": 40,
                "151": 43,
                "152": 15,
                "153": 16,
                "154": 17,
                "155": 18,
                "156": 11,
                "157": 12,
                "158": 19,
                "159": 15,
                "160": 44,
                "161": 18,
                "162": 20,
                "163": 13,
                "164": 16,
                "165": 45,
                "166": 17,
                "167": 21,
                "168": 19,
                "169": 22,
                "170": 23,
                "171": 46,
                "172": 17,
                "173": 24,
                "174": 12,
                "175": 13,
                "176": 14,
                "177": 15,
                "178": 45,
                "179": 13,
                "180": 18,
                "181": 16
            },
            "1": {
                "0": 0,
                "1": 0,
                "2": 1,
                "3": 38,
                "4": 2,
                "5": 3,
                "6": 4,
                "7": 39,
                "8": 40,
                "9": 41,
                "10": 42,
                "11": 0,
                "12": 43,
                "13": 1,
                "14": 5,
                "15": 6,
                "16": 7,
                "17": 8,
                "18": 38,
                "19": 2,
                "20": 9,
                "21": 10,
                "22": 5,
                "23": 38,
                "24": 2,
                "25": 4,
                "26": 6,
                "27": 11,
                "28": 12,
                "29": 39,
                "30": 1,
                "31": 3,
                "32": 11,
                "33": 13,
                "34": 8,
                "35": 7,
                "36": 40,
                "37": 5,
                "38": 9,
                "39": 10,
                "40": 0,
                "41": 41,
                "42": 3,
                "43": 6,
                "44": 4,
                "45": 42,
                "46": 43,
                "47": 7,
                "48": 8,
                "49": 10,
                "50": 2,
                "51": 9,
                "52": 11,
                "53": 0,
                "54": 38,
                "55": 1,
                "56": 39,
                "57": 12,
                "58": 13,
                "59": 3,
                "60": 40,
                "61": 5,
                "62": 14,
                "63": 41,
                "64": 1,
                "65": 0,
                "66": 2,
                "67": 44,
                "68": 6,
                "69": 38,
                "70": 4,
                "71": 5,
                "72": 7,
                "73": 42,
                "74": 2,
                "75": 45,
                "76": 3,
                "77": 8,
                "78": 9,
                "79": 1,
                "80": 0,
                "81": 43,
                "82": 4,
                "83": 6,
                "84": 10,
                "85": 39,
                "86": 2,
                "87": 38,
                "88": 3,
                "89": 40,
                "90": 5,
                "91": 7,
                "92": 0,
                "93": 1,
                "94": 8,
                "95": 2,
                "96": 41,
                "97": 4,
                "98": 6,
                "99": 42,
                "100": 1,
                "101": 9,
                "102": 3,
                "103": 39,
                "104": 7,
                "105": 5,
                "106": 10,
                "107": 40,
                "108": 0,
                "109": 6,
                "110": 11,
                "111": 38,
                "112": 8,
                "113": 7,
                "114": 12,
                "115": 41,
                "116": 4,
                "117": 13,
                "118": 14,
                "119": 42,
                "120": 3,
                "121": 9,
                "122": 8,
                "123": 10,
                "124": 39,
                "125": 15,
                "126": 16,
                "127": 40,
                "128": 17,
                "129": 18,
                "130": 19,
                "131": 43,
                "132": 11,
                "133": 20,
                "134": 44,
                "135": 4,
                "136": 10,
                "137": 21,
                "138": 41,
                "139": 22,
                "140": 23,
                "141": 24,
                "142": 8,
                "143": 39,
                "144": 42,
                "145": 13,
                "146": 12,
                "147": 9,
                "148": 14,
                "149": 11,
                "150": 40,
                "151": 43,
                "152": 15,
                "153": 16,
                "154": 17,
                "155": 18,
                "156": 11,
                "157": 12,
                "158": 19,
                "159": 15,
                "160": 44,
                "161": 18,
                "162": 20,
                "163": 13,
                "164": 16,
                "165": 45,
                "166": 17,
                "167": 21,
                "168": 19,
                "169": 22,
                "170": 23,
                "171": 46,
                "172": 17,
                "173": 24,
                "174": 12,
                "175": 13,
                "176": 14,
                "177": 15,
                "178": 45,
                "179": 13,
                "180": 18,
                "181": 16
            }
        }
    }
]