[
    {
        "route_id": 4,
        "route_item": {
            "0": {
                "0": 5,
                "1": 6,
                "2": 7,
                "3": 8,
                "4": 9,
                "5": 10,
                "6": 5,
                "7": 6,
                "8": 11,
                "9": 39,
                "10": 12,
                "11": 13,
                "12": 14,
                "13": 15,
                "14": 40,
                "15": 41,
                "16": 42,
                "17": 43,
                "18": 44,
                "19": 5,
                "20": 16,
                "21": 17,
                "22": 6,
                "23": 45,
                "24": 9,
                "25": 11,
                "26": 18,
                "27": 19,
                "28": 20,
                "29": 39,
                "30": 12,
                "31": 21,
                "32": 22,
                "33": 7,
                "34": 8,
                "35": 39,
                "36": 10,
                "37": 11,
                "38": 14,
                "39": 12,
                "40": 40,
                "41": 8,
                "42": 9,
                "43": 13,
                "44": 6,
                "45": 15,
                "46": 41,
                "47": 7,
                "48": 16,
                "49": 17,
                "50": 42,
                "51": 5,
                "52": 10,
                "53": 14,
                "54": 12,
                "55": 15,
                "56": 43,
                "57": 44,
                "58": 6,
                "59": 18,
                "60": 19,
                "61": 9,
                "62": 17,
                "63": 20,
                "64": 5,
                "65": 39,
                "66": 7,
                "67": 40,
                "68": 8,
                "69": 9,
                "70": 6,
                "71": 41,
                "72": 10,
                "73": 11,
                "74": 45,
                "75": 7,
                "76": 5,
                "77": 12,
                "78": 42,
                "79": 13,
                "80": 39,
                "81": 9,
                "82": 10,
                "83": 14,
                "84": 43,
                "85": 5,
                "86": 46,
                "87": 6,
                "88": 8,
                "89": 15,
                "90": 7,
                "91": 44,
                "92": 9,
                "93": 11,
                "94": 12,
                "95": 40,
                "96": 6,
                "97": 39,
                "98": 5,
                "99": 10,
                "100": 41,
                "101": 16,
                "102": 9,
                "103": 7,
                "104": 8,
                "105": 13,
                "106": 10,
                "107": 42,
                "108": 11,
                "109": 14,
                "110": 43,
                "111": 8,
                "112": 15,
                "113": 17,
                "114": 40,
                "115": 12,
                "116": 14,
                "117": 18,
                "118": 41,
                "119": 7,
                "120": 19,
                "121": 10,
                "122": 39,
                "123": 20,
                "124": 21,
                "125": 22,
                "126": 42,
                "127": 8,
                "128": 13,
                "129": 23,
                "130": 17,
                "131": 43,
                "132": 24,
                "133": 25,
                "134": 16,
                "135": 26,
                "136": 40,
                "137": 27,
                "138": 28,
                "139": 41,
                "140": 15,
                "141": 29,
                "142": 30,
                "143": 44,
                "144": 17,
                "145": 22,
                "146": 45,
                "147": 31,
                "148": 46,
                "149": 18,
                "150": 20,
                "151": 19,
                "152": 42,
                "153": 24,
                "154": 26,
                "155": 27,
                "156": 16,
                "157": 40,
                "158": 26,
                "159": 43,
                "160": 30,
                "161": 25,
                "162": 19,
                "163": 23,
                "164": 16,
                "165": 41,
                "166": 17,
                "167": 44,
                "168": 20,
                "169": 21,
                "170": 16,
                "171": 22,
                "172": 17,
                "173": 24,
                "174": 25,
                "175": 18,
                "176": 45,
                "177": 19,
                "178": 20,
                "179": 26,
                "180": 21,
                "181": 20,
                "182": 46,
                "183": 22,
                "184": 19,
                "185": 27,
                "186": 18,
                "187": 28,
                "188": 47,
                "189": 22,
                "190": 29,
                "191": 21,
                "192": 30,
                "193": 23,
                "194": 25,
                "195": 45,
                "196": 22,
                "197": 24,
                "198": 22
            },
            "1": {
                "0": 5,
                "1": 6,
                "2": 7,
                "3": 8,
                "4": 9,
                "5": 10,
                "6": 5,
                "7": 6,
                "8": 11,
                "9": 39,
                "10": 12,
                "11": 13,
                "12": 14,
                "13": 15,
                "14": 40,
                "15": 41,
                "16": 42,
                "17": 43,
                "18": 44,
                "19": 5,
                "20": 16,
                "21": 17,
                "22": 6,
                "23": 45,
                "24": 9,
                "25": 11,
                "26": 18,
                "27": 19,
                "28": 20,
                "29": 39,
                "30": 12,
                "31": 21,
                "32": 22,
                "33": 7,
                "34": 8,
                "35": 39,
                "36": 10,
                "37": 11,
                "38": 14,
                "39": 12,
                "40": 40,
                "41": 8,
                "42": 9,
                "43": 13,
                "44": 6,
                "45": 15,
                "46": 41,
                "47": 7,
                "48": 16,
                "49": 17,
                "50": 42,
                "51": 5,
                "52": 10,
                "53": 14,
                "54": 12,
                "55": 15,
                "56": 43,
                "57": 44,
                "58": 6,
                "59": 18,
                "60": 19,
                "61": 9,
                "62": 17,
                "63": 20,
                "64": 5,
                "65": 39,
                "66": 7,
                "67": 40,
                "68": 8,
                "69": 9,
                "70": 6,
                "71": 41,
                "72": 10,
                "73": 11,
                "74": 45,
                "75": 7,
                "76": 5,
                "77": 12,
                "78": 42,
                "79": 13,
                "80": 39,
                "81": 9,
                "82": 10,
                "83": 14,
                "84": 43,
                "85": 5,
                "86": 46,
                "87": 6,
                "88": 8,
                "89": 15,
                "90": 7,
                "91": 44,
                "92": 9,
                "93": 11,
                "94": 12,
                "95": 40,
                "96": 6,
                "97": 39,
                "98": 5,
                "99": 10,
                "100": 41,
                "101": 16,
                "102": 9,
                "103": 7,
                "104": 8,
                "105": 13,
                "106": 10,
                "107": 42,
                "108": 11,
                "109": 14,
                "110": 43,
                "111": 8,
                "112": 15,
                "113": 17,
                "114": 40,
                "115": 12,
                "116": 14,
                "117": 18,
                "118": 41,
                "119": 7,
                "120": 19,
                "121": 10,
                "122": 39,
                "123": 20,
                "124": 21,
                "125": 22,
                "126": 42,
                "127": 8,
                "128": 13,
                "129": 23,
                "130": 17,
                "131": 43,
                "132": 24,
                "133": 25,
                "134": 16,
                "135": 26,
                "136": 40,
                "137": 27,
                "138": 28,
                "139": 41,
                "140": 15,
                "141": 29,
                "142": 30,
                "143": 44,
                "144": 17,
                "145": 22,
                "146": 45,
                "147": 31,
                "148": 46,
                "149": 18,
                "150": 20,
                "151": 19,
                "152": 42,
                "153": 24,
                "154": 26,
                "155": 27,
                "156": 16,
                "157": 40,
                "158": 26,
                "159": 43,
                "160": 30,
                "161": 25,
                "162": 19,
                "163": 23,
                "164": 16,
                "165": 41,
                "166": 17,
                "167": 44,
                "168": 20,
                "169": 21,
                "170": 16,
                "171": 22,
                "172": 17,
                "173": 24,
                "174": 25,
                "175": 18,
                "176": 45,
                "177": 19,
                "178": 20,
                "179": 26,
                "180": 21,
                "181": 20,
                "182": 46,
                "183": 22,
                "184": 19,
                "185": 27,
                "186": 18,
                "187": 28,
                "188": 47,
                "189": 22,
                "190": 29,
                "191": 21,
                "192": 30,
                "193": 23,
                "194": 25,
                "195": 45,
                "196": 22,
                "197": 24,
                "198": 22
            }
        }
    },
    {
        "route_id": 4,
        "route_item": {
            "0": {
                "0": 5,
                "1": 6,
                "2": 7,
                "3": 8,
                "4": 9,
                "5": 10,
                "6": 5,
                "7": 6,
                "8": 11,
                "9": 39,
                "10": 12,
                "11": 13,
                "12": 14,
                "13": 15,
                "14": 40,
                "15": 41,
                "16": 42,
                "17": 43,
                "18": 44,
                "19": 5,
                "20": 16,
                "21": 17,
                "22": 6,
                "23": 45,
                "24": 9,
                "25": 11,
                "26": 18,
                "27": 19,
                "28": 20,
                "29": 39,
                "30": 12,
                "31": 21,
                "32": 22,
                "33": 7,
                "34": 8,
                "35": 39,
                "36": 10,
                "37": 11,
                "38": 14,
                "39": 12,
                "40": 40,
                "41": 8,
                "42": 9,
                "43": 13,
                "44": 6,
                "45": 15,
                "46": 41,
                "47": 7,
                "48": 16,
                "49": 17,
                "50": 42,
                "51": 5,
                "52": 10,
                "53": 14,
                "54": 12,
                "55": 15,
                "56": 43,
                "57": 44,
                "58": 6,
                "59": 18,
                "60": 19,
                "61": 9,
                "62": 17,
                "63": 20,
                "64": 5,
                "65": 39,
                "66": 7,
                "67": 40,
                "68": 8,
                "69": 9,
                "70": 6,
                "71": 41,
                "72": 10,
                "73": 11,
                "74": 45,
                "75": 7,
                "76": 5,
                "77": 12,
                "78": 42,
                "79": 13,
                "80": 39,
                "81": 9,
                "82": 10,
                "83": 14,
                "84": 43,
                "85": 5,
                "86": 46,
                "87": 6,
                "88": 8,
                "89": 15,
                "90": 7,
                "91": 44,
                "92": 9,
                "93": 11,
                "94": 12,
                "95": 40,
                "96": 6,
                "97": 39,
                "98": 5,
                "99": 10,
                "100": 41,
                "101": 16,
                "102": 9,
                "103": 7,
                "104": 8,
                "105": 13,
                "106": 10,
                "107": 42,
                "108": 11,
                "109": 14,
                "110": 43,
                "111": 8,
                "112": 15,
                "113": 17,
                "114": 40,
                "115": 12,
                "116": 14,
                "117": 18,
                "118": 41,
                "119": 7,
                "120": 19,
                "121": 10,
                "122": 39,
                "123": 20,
                "124": 21,
                "125": 22,
                "126": 42,
                "127": 8,
                "128": 13,
                "129": 23,
                "130": 17,
                "131": 43,
                "132": 24,
                "133": 25,
                "134": 16,
                "135": 26,
                "136": 40,
                "137": 27,
                "138": 28,
                "139": 41,
                "140": 15,
                "141": 29,
                "142": 30,
                "143": 44,
                "144": 17,
                "145": 22,
                "146": 45,
                "147": 31,
                "148": 46,
                "149": 18,
                "150": 20,
                "151": 19,
                "152": 42,
                "153": 24,
                "154": 26,
                "155": 27,
                "156": 16,
                "157": 40,
                "158": 26,
                "159": 43,
                "160": 30,
                "161": 25,
                "162": 19,
                "163": 23,
                "164": 16,
                "165": 41,
                "166": 17,
                "167": 44,
                "168": 20,
                "169": 21,
                "170": 16,
                "171": 22,
                "172": 17,
                "173": 24,
                "174": 25,
                "175": 18,
                "176": 45,
                "177": 19,
                "178": 20,
                "179": 26,
                "180": 21,
                "181": 20,
                "182": 46,
                "183": 22,
                "184": 19,
                "185": 27,
                "186": 18,
                "187": 28,
                "188": 47,
                "189": 22,
                "190": 29,
                "191": 21,
                "192": 30,
                "193": 23,
                "194": 25,
                "195": 45,
                "196": 22,
                "197": 24,
                "198": 22
            },
            "1": {
                "0": 5,
                "1": 6,
                "2": 7,
                "3": 8,
                "4": 9,
                "5": 10,
                "6": 5,
                "7": 6,
                "8": 11,
                "9": 39,
                "10": 12,
                "11": 13,
                "12": 14,
                "13": 15,
                "14": 40,
                "15": 41,
                "16": 42,
                "17": 43,
                "18": 44,
                "19": 5,
                "20": 16,
                "21": 17,
                "22": 6,
                "23": 45,
                "24": 9,
                "25": 11,
                "26": 18,
                "27": 19,
                "28": 20,
                "29": 39,
                "30": 12,
                "31": 21,
                "32": 22,
                "33": 7,
                "34": 8,
                "35": 39,
                "36": 10,
                "37": 11,
                "38": 14,
                "39": 12,
                "40": 40,
                "41": 8,
                "42": 9,
                "43": 13,
                "44": 6,
                "45": 15,
                "46": 41,
                "47": 7,
                "48": 16,
                "49": 17,
                "50": 42,
                "51": 5,
                "52": 10,
                "53": 14,
                "54": 12,
                "55": 15,
                "56": 43,
                "57": 44,
                "58": 6,
                "59": 18,
                "60": 19,
                "61": 9,
                "62": 17,
                "63": 20,
                "64": 5,
                "65": 39,
                "66": 7,
                "67": 40,
                "68": 8,
                "69": 9,
                "70": 6,
                "71": 41,
                "72": 10,
                "73": 11,
                "74": 45,
                "75": 7,
                "76": 5,
                "77": 12,
                "78": 42,
                "79": 13,
                "80": 39,
                "81": 9,
                "82": 10,
                "83": 14,
                "84": 43,
                "85": 5,
                "86": 46,
                "87": 6,
                "88": 8,
                "89": 15,
                "90": 7,
                "91": 44,
                "92": 9,
                "93": 11,
                "94": 12,
                "95": 40,
                "96": 6,
                "97": 39,
                "98": 5,
                "99": 10,
                "100": 41,
                "101": 16,
                "102": 9,
                "103": 7,
                "104": 8,
                "105": 13,
                "106": 10,
                "107": 42,
                "108": 11,
                "109": 14,
                "110": 43,
                "111": 8,
                "112": 15,
                "113": 17,
                "114": 40,
                "115": 12,
                "116": 14,
                "117": 18,
                "118": 41,
                "119": 7,
                "120": 19,
                "121": 10,
                "122": 39,
                "123": 20,
                "124": 21,
                "125": 22,
                "126": 42,
                "127": 8,
                "128": 13,
                "129": 23,
                "130": 17,
                "131": 43,
                "132": 24,
                "133": 25,
                "134": 16,
                "135": 26,
                "136": 40,
                "137": 27,
                "138": 28,
                "139": 41,
                "140": 15,
                "141": 29,
                "142": 30,
                "143": 44,
                "144": 17,
                "145": 22,
                "146": 45,
                "147": 31,
                "148": 46,
                "149": 18,
                "150": 20,
                "151": 19,
                "152": 42,
                "153": 24,
                "154": 26,
                "155": 27,
                "156": 16,
                "157": 40,
                "158": 26,
                "159": 43,
                "160": 30,
                "161": 25,
                "162": 19,
                "163": 23,
                "164": 16,
                "165": 41,
                "166": 17,
                "167": 44,
                "168": 20,
                "169": 21,
                "170": 16,
                "171": 22,
                "172": 17,
                "173": 24,
                "174": 25,
                "175": 18,
                "176": 45,
                "177": 19,
                "178": 20,
                "179": 26,
                "180": 21,
                "181": 20,
                "182": 46,
                "183": 22,
                "184": 19,
                "185": 27,
                "186": 18,
                "187": 28,
                "188": 47,
                "189": 22,
                "190": 29,
                "191": 21,
                "192": 30,
                "193": 23,
                "194": 25,
                "195": 45,
                "196": 22,
                "197": 24,
                "198": 22
            }
        }
    },
    {
        "route_id": 4,
        "route_item": {
            "0": {
                "0": 5,
                "1": 6,
                "2": 7,
                "3": 8,
                "4": 9,
                "5": 10,
                "6": 5,
                "7": 6,
                "8": 11,
                "9": 39,
                "10": 12,
                "11": 13,
                "12": 14,
                "13": 15,
                "14": 40,
                "15": 41,
                "16": 42,
                "17": 43,
                "18": 44,
                "19": 5,
                "20": 16,
                "21": 17,
                "22": 6,
                "23": 45,
                "24": 9,
                "25": 11,
                "26": 18,
                "27": 19,
                "28": 20,
                "29": 39,
                "30": 12,
                "31": 21,
                "32": 22,
                "33": 7,
                "34": 8,
                "35": 39,
                "36": 10,
                "37": 11,
                "38": 14,
                "39": 12,
                "40": 40,
                "41": 8,
                "42": 9,
                "43": 13,
                "44": 6,
                "45": 15,
                "46": 41,
                "47": 7,
                "48": 16,
                "49": 17,
                "50": 42,
                "51": 5,
                "52": 10,
                "53": 14,
                "54": 12,
                "55": 15,
                "56": 43,
                "57": 44,
                "58": 6,
                "59": 18,
                "60": 19,
                "61": 9,
                "62": 17,
                "63": 20,
                "64": 5,
                "65": 39,
                "66": 7,
                "67": 40,
                "68": 8,
                "69": 9,
                "70": 6,
                "71": 41,
                "72": 10,
                "73": 11,
                "74": 45,
                "75": 7,
                "76": 5,
                "77": 12,
                "78": 42,
                "79": 13,
                "80": 39,
                "81": 9,
                "82": 10,
                "83": 14,
                "84": 43,
                "85": 5,
                "86": 46,
                "87": 6,
                "88": 8,
                "89": 15,
                "90": 7,
                "91": 44,
                "92": 9,
                "93": 11,
                "94": 12,
                "95": 40,
                "96": 6,
                "97": 39,
                "98": 5,
                "99": 10,
                "100": 41,
                "101": 16,
                "102": 9,
                "103": 7,
                "104": 8,
                "105": 13,
                "106": 10,
                "107": 42,
                "108": 11,
                "109": 14,
                "110": 43,
                "111": 8,
                "112": 15,
                "113": 17,
                "114": 40,
                "115": 12,
                "116": 14,
                "117": 18,
                "118": 41,
                "119": 7,
                "120": 19,
                "121": 10,
                "122": 39,
                "123": 20,
                "124": 21,
                "125": 22,
                "126": 42,
                "127": 8,
                "128": 13,
                "129": 23,
                "130": 17,
                "131": 43,
                "132": 24,
                "133": 25,
                "134": 16,
                "135": 26,
                "136": 40,
                "137": 27,
                "138": 28,
                "139": 41,
                "140": 15,
                "141": 29,
                "142": 30,
                "143": 44,
                "144": 17,
                "145": 22,
                "146": 45,
                "147": 31,
                "148": 46,
                "149": 18,
                "150": 20,
                "151": 19,
                "152": 42,
                "153": 24,
                "154": 26,
                "155": 27,
                "156": 16,
                "157": 40,
                "158": 26,
                "159": 43,
                "160": 30,
                "161": 25,
                "162": 19,
                "163": 23,
                "164": 16,
                "165": 41,
                "166": 17,
                "167": 44,
                "168": 20,
                "169": 21,
                "170": 16,
                "171": 22,
                "172": 17,
                "173": 24,
                "174": 25,
                "175": 18,
                "176": 45,
                "177": 19,
                "178": 20,
                "179": 26,
                "180": 21,
                "181": 20,
                "182": 46,
                "183": 22,
                "184": 19,
                "185": 27,
                "186": 18,
                "187": 28,
                "188": 47,
                "189": 22,
                "190": 29,
                "191": 21,
                "192": 30,
                "193": 23,
                "194": 25,
                "195": 45,
                "196": 22,
                "197": 24,
                "198": 22
            },
            "1": {
                "0": 5,
                "1": 6,
                "2": 7,
                "3": 8,
                "4": 9,
                "5": 10,
                "6": 5,
                "7": 6,
                "8": 11,
                "9": 39,
                "10": 12,
                "11": 13,
                "12": 14,
                "13": 15,
                "14": 40,
                "15": 41,
                "16": 42,
                "17": 43,
                "18": 44,
                "19": 5,
                "20": 16,
                "21": 17,
                "22": 6,
                "23": 45,
                "24": 9,
                "25": 11,
                "26": 18,
                "27": 19,
                "28": 20,
                "29": 39,
                "30": 12,
                "31": 21,
                "32": 22,
                "33": 7,
                "34": 8,
                "35": 39,
                "36": 10,
                "37": 11,
                "38": 14,
                "39": 12,
                "40": 40,
                "41": 8,
                "42": 9,
                "43": 13,
                "44": 6,
                "45": 15,
                "46": 41,
                "47": 7,
                "48": 16,
                "49": 17,
                "50": 42,
                "51": 5,
                "52": 10,
                "53": 14,
                "54": 12,
                "55": 15,
                "56": 43,
                "57": 44,
                "58": 6,
                "59": 18,
                "60": 19,
                "61": 9,
                "62": 17,
                "63": 20,
                "64": 5,
                "65": 39,
                "66": 7,
                "67": 40,
                "68": 8,
                "69": 9,
                "70": 6,
                "71": 41,
                "72": 10,
                "73": 11,
                "74": 45,
                "75": 7,
                "76": 5,
                "77": 12,
                "78": 42,
                "79": 13,
                "80": 39,
                "81": 9,
                "82": 10,
                "83": 14,
                "84": 43,
                "85": 5,
                "86": 46,
                "87": 6,
                "88": 8,
                "89": 15,
                "90": 7,
                "91": 44,
                "92": 9,
                "93": 11,
                "94": 12,
                "95": 40,
                "96": 6,
                "97": 39,
                "98": 5,
                "99": 10,
                "100": 41,
                "101": 16,
                "102": 9,
                "103": 7,
                "104": 8,
                "105": 13,
                "106": 10,
                "107": 42,
                "108": 11,
                "109": 14,
                "110": 43,
                "111": 8,
                "112": 15,
                "113": 17,
                "114": 40,
                "115": 12,
                "116": 14,
                "117": 18,
                "118": 41,
                "119": 7,
                "120": 19,
                "121": 10,
                "122": 39,
                "123": 20,
                "124": 21,
                "125": 22,
                "126": 42,
                "127": 8,
                "128": 13,
                "129": 23,
                "130": 17,
                "131": 43,
                "132": 24,
                "133": 25,
                "134": 16,
                "135": 26,
                "136": 40,
                "137": 27,
                "138": 28,
                "139": 41,
                "140": 15,
                "141": 29,
                "142": 30,
                "143": 44,
                "144": 17,
                "145": 22,
                "146": 45,
                "147": 31,
                "148": 46,
                "149": 18,
                "150": 20,
                "151": 19,
                "152": 42,
                "153": 24,
                "154": 26,
                "155": 27,
                "156": 16,
                "157": 40,
                "158": 26,
                "159": 43,
                "160": 30,
                "161": 25,
                "162": 19,
                "163": 23,
                "164": 16,
                "165": 41,
                "166": 17,
                "167": 44,
                "168": 20,
                "169": 21,
                "170": 16,
                "171": 22,
                "172": 17,
                "173": 24,
                "174": 25,
                "175": 18,
                "176": 45,
                "177": 19,
                "178": 20,
                "179": 26,
                "180": 21,
                "181": 20,
                "182": 46,
                "183": 22,
                "184": 19,
                "185": 27,
                "186": 18,
                "187": 28,
                "188": 47,
                "189": 22,
                "190": 29,
                "191": 21,
                "192": 30,
                "193": 23,
                "194": 25,
                "195": 45,
                "196": 22,
                "197": 24,
                "198": 22
            }
        }
    },
    {
        "route_id": 4,
        "route_item": {
            "0": {
                "0": 5,
                "1": 6,
                "2": 7,
                "3": 8,
                "4": 9,
                "5": 10,
                "6": 5,
                "7": 6,
                "8": 11,
                "9": 39,
                "10": 12,
                "11": 13,
                "12": 14,
                "13": 15,
                "14": 40,
                "15": 41,
                "16": 42,
                "17": 43,
                "18": 44,
                "19": 5,
                "20": 16,
                "21": 17,
                "22": 6,
                "23": 45,
                "24": 9,
                "25": 11,
                "26": 18,
                "27": 19,
                "28": 20,
                "29": 39,
                "30": 12,
                "31": 21,
                "32": 22,
                "33": 7,
                "34": 8,
                "35": 39,
                "36": 10,
                "37": 11,
                "38": 14,
                "39": 12,
                "40": 40,
                "41": 8,
                "42": 9,
                "43": 13,
                "44": 6,
                "45": 15,
                "46": 41,
                "47": 7,
                "48": 16,
                "49": 17,
                "50": 42,
                "51": 5,
                "52": 10,
                "53": 14,
                "54": 12,
                "55": 15,
                "56": 43,
                "57": 44,
                "58": 6,
                "59": 18,
                "60": 19,
                "61": 9,
                "62": 17,
                "63": 20,
                "64": 5,
                "65": 39,
                "66": 7,
                "67": 40,
                "68": 8,
                "69": 9,
                "70": 6,
                "71": 41,
                "72": 10,
                "73": 11,
                "74": 45,
                "75": 7,
                "76": 5,
                "77": 12,
                "78": 42,
                "79": 13,
                "80": 39,
                "81": 9,
                "82": 10,
                "83": 14,
                "84": 43,
                "85": 5,
                "86": 46,
                "87": 6,
                "88": 8,
                "89": 15,
                "90": 7,
                "91": 44,
                "92": 9,
                "93": 11,
                "94": 12,
                "95": 40,
                "96": 6,
                "97": 39,
                "98": 5,
                "99": 10,
                "100": 41,
                "101": 16,
                "102": 9,
                "103": 7,
                "104": 8,
                "105": 13,
                "106": 10,
                "107": 42,
                "108": 11,
                "109": 14,
                "110": 43,
                "111": 8,
                "112": 15,
                "113": 17,
                "114": 40,
                "115": 12,
                "116": 14,
                "117": 18,
                "118": 41,
                "119": 7,
                "120": 19,
                "121": 10,
                "122": 39,
                "123": 20,
                "124": 21,
                "125": 22,
                "126": 42,
                "127": 8,
                "128": 13,
                "129": 23,
                "130": 17,
                "131": 43,
                "132": 24,
                "133": 25,
                "134": 16,
                "135": 26,
                "136": 40,
                "137": 27,
                "138": 28,
                "139": 41,
                "140": 15,
                "141": 29,
                "142": 30,
                "143": 44,
                "144": 17,
                "145": 22,
                "146": 45,
                "147": 31,
                "148": 46,
                "149": 18,
                "150": 20,
                "151": 19,
                "152": 42,
                "153": 24,
                "154": 26,
                "155": 27,
                "156": 16,
                "157": 40,
                "158": 26,
                "159": 43,
                "160": 30,
                "161": 25,
                "162": 19,
                "163": 23,
                "164": 16,
                "165": 41,
                "166": 17,
                "167": 44,
                "168": 20,
                "169": 21,
                "170": 16,
                "171": 22,
                "172": 17,
                "173": 24,
                "174": 25,
                "175": 18,
                "176": 45,
                "177": 19,
                "178": 20,
                "179": 26,
                "180": 21,
                "181": 20,
                "182": 46,
                "183": 22,
                "184": 19,
                "185": 27,
                "186": 18,
                "187": 28,
                "188": 47,
                "189": 22,
                "190": 29,
                "191": 21,
                "192": 30,
                "193": 23,
                "194": 25,
                "195": 45,
                "196": 22,
                "197": 24,
                "198": 22
            },
            "1": {
                "0": 5,
                "1": 6,
                "2": 7,
                "3": 8,
                "4": 9,
                "5": 10,
                "6": 5,
                "7": 6,
                "8": 11,
                "9": 39,
                "10": 12,
                "11": 13,
                "12": 14,
                "13": 15,
                "14": 40,
                "15": 41,
                "16": 42,
                "17": 43,
                "18": 44,
                "19": 5,
                "20": 16,
                "21": 17,
                "22": 6,
                "23": 45,
                "24": 9,
                "25": 11,
                "26": 18,
                "27": 19,
                "28": 20,
                "29": 39,
                "30": 12,
                "31": 21,
                "32": 22,
                "33": 7,
                "34": 8,
                "35": 39,
                "36": 10,
                "37": 11,
                "38": 14,
                "39": 12,
                "40": 40,
                "41": 8,
                "42": 9,
                "43": 13,
                "44": 6,
                "45": 15,
                "46": 41,
                "47": 7,
                "48": 16,
                "49": 17,
                "50": 42,
                "51": 5,
                "52": 10,
                "53": 14,
                "54": 12,
                "55": 15,
                "56": 43,
                "57": 44,
                "58": 6,
                "59": 18,
                "60": 19,
                "61": 9,
                "62": 17,
                "63": 20,
                "64": 5,
                "65": 39,
                "66": 7,
                "67": 40,
                "68": 8,
                "69": 9,
                "70": 6,
                "71": 41,
                "72": 10,
                "73": 11,
                "74": 45,
                "75": 7,
                "76": 5,
                "77": 12,
                "78": 42,
                "79": 13,
                "80": 39,
                "81": 9,
                "82": 10,
                "83": 14,
                "84": 43,
                "85": 5,
                "86": 46,
                "87": 6,
                "88": 8,
                "89": 15,
                "90": 7,
                "91": 44,
                "92": 9,
                "93": 11,
                "94": 12,
                "95": 40,
                "96": 6,
                "97": 39,
                "98": 5,
                "99": 10,
                "100": 41,
                "101": 16,
                "102": 9,
                "103": 7,
                "104": 8,
                "105": 13,
                "106": 10,
                "107": 42,
                "108": 11,
                "109": 14,
                "110": 43,
                "111": 8,
                "112": 15,
                "113": 17,
                "114": 40,
                "115": 12,
                "116": 14,
                "117": 18,
                "118": 41,
                "119": 7,
                "120": 19,
                "121": 10,
                "122": 39,
                "123": 20,
                "124": 21,
                "125": 22,
                "126": 42,
                "127": 8,
                "128": 13,
                "129": 23,
                "130": 17,
                "131": 43,
                "132": 24,
                "133": 25,
                "134": 16,
                "135": 26,
                "136": 40,
                "137": 27,
                "138": 28,
                "139": 41,
                "140": 15,
                "141": 29,
                "142": 30,
                "143": 44,
                "144": 17,
                "145": 22,
                "146": 45,
                "147": 31,
                "148": 46,
                "149": 18,
                "150": 20,
                "151": 19,
                "152": 42,
                "153": 24,
                "154": 26,
                "155": 27,
                "156": 16,
                "157": 40,
                "158": 26,
                "159": 43,
                "160": 30,
                "161": 25,
                "162": 19,
                "163": 23,
                "164": 16,
                "165": 41,
                "166": 17,
                "167": 44,
                "168": 20,
                "169": 21,
                "170": 16,
                "171": 22,
                "172": 17,
                "173": 24,
                "174": 25,
                "175": 18,
                "176": 45,
                "177": 19,
                "178": 20,
                "179": 26,
                "180": 21,
                "181": 20,
                "182": 46,
                "183": 22,
                "184": 19,
                "185": 27,
                "186": 18,
                "187": 28,
                "188": 47,
                "189": 22,
                "190": 29,
                "191": 21,
                "192": 30,
                "193": 23,
                "194": 25,
                "195": 45,
                "196": 22,
                "197": 24,
                "198": 22
            }
        }
    },
    {
        "route_id": 4,
        "route_item": {
            "0": {
                "0": 5,
                "1": 6,
                "2": 7,
                "3": 8,
                "4": 9,
                "5": 10,
                "6": 5,
                "7": 6,
                "8": 11,
                "9": 39,
                "10": 12,
                "11": 13,
                "12": 14,
                "13": 15,
                "14": 40,
                "15": 41,
                "16": 42,
                "17": 43,
                "18": 44,
                "19": 5,
                "20": 16,
                "21": 17,
                "22": 6,
                "23": 45,
                "24": 9,
                "25": 11,
                "26": 18,
                "27": 19,
                "28": 20,
                "29": 39,
                "30": 12,
                "31": 21,
                "32": 22,
                "33": 7,
                "34": 8,
                "35": 39,
                "36": 10,
                "37": 11,
                "38": 14,
                "39": 12,
                "40": 40,
                "41": 8,
                "42": 9,
                "43": 13,
                "44": 6,
                "45": 15,
                "46": 41,
                "47": 7,
                "48": 16,
                "49": 17,
                "50": 42,
                "51": 5,
                "52": 10,
                "53": 14,
                "54": 12,
                "55": 15,
                "56": 43,
                "57": 44,
                "58": 6,
                "59": 18,
                "60": 19,
                "61": 9,
                "62": 17,
                "63": 20,
                "64": 5,
                "65": 39,
                "66": 7,
                "67": 40,
                "68": 8,
                "69": 9,
                "70": 6,
                "71": 41,
                "72": 10,
                "73": 11,
                "74": 45,
                "75": 7,
                "76": 5,
                "77": 12,
                "78": 42,
                "79": 13,
                "80": 39,
                "81": 9,
                "82": 10,
                "83": 14,
                "84": 43,
                "85": 5,
                "86": 46,
                "87": 6,
                "88": 8,
                "89": 15,
                "90": 7,
                "91": 44,
                "92": 9,
                "93": 11,
                "94": 12,
                "95": 40,
                "96": 6,
                "97": 39,
                "98": 5,
                "99": 10,
                "100": 41,
                "101": 16,
                "102": 9,
                "103": 7,
                "104": 8,
                "105": 13,
                "106": 10,
                "107": 42,
                "108": 11,
                "109": 14,
                "110": 43,
                "111": 8,
                "112": 15,
                "113": 17,
                "114": 40,
                "115": 12,
                "116": 14,
                "117": 18,
                "118": 41,
                "119": 7,
                "120": 19,
                "121": 10,
                "122": 39,
                "123": 20,
                "124": 21,
                "125": 22,
                "126": 42,
                "127": 8,
                "128": 13,
                "129": 23,
                "130": 17,
                "131": 43,
                "132": 24,
                "133": 25,
                "134": 16,
                "135": 26,
                "136": 40,
                "137": 27,
                "138": 28,
                "139": 41,
                "140": 15,
                "141": 29,
                "142": 30,
                "143": 44,
                "144": 17,
                "145": 22,
                "146": 45,
                "147": 31,
                "148": 46,
                "149": 18,
                "150": 20,
                "151": 19,
                "152": 42,
                "153": 24,
                "154": 26,
                "155": 27,
                "156": 16,
                "157": 40,
                "158": 26,
                "159": 43,
                "160": 30,
                "161": 25,
                "162": 19,
                "163": 23,
                "164": 16,
                "165": 41,
                "166": 17,
                "167": 44,
                "168": 20,
                "169": 21,
                "170": 16,
                "171": 22,
                "172": 17,
                "173": 24,
                "174": 25,
                "175": 18,
                "176": 45,
                "177": 19,
                "178": 20,
                "179": 26,
                "180": 21,
                "181": 20,
                "182": 46,
                "183": 22,
                "184": 19,
                "185": 27,
                "186": 18,
                "187": 28,
                "188": 47,
                "189": 22,
                "190": 29,
                "191": 21,
                "192": 30,
                "193": 23,
                "194": 25,
                "195": 45,
                "196": 22,
                "197": 24,
                "198": 22
            },
            "1": {
                "0": 5,
                "1": 6,
                "2": 7,
                "3": 8,
                "4": 9,
                "5": 10,
                "6": 5,
                "7": 6,
                "8": 11,
                "9": 39,
                "10": 12,
                "11": 13,
                "12": 14,
                "13": 15,
                "14": 40,
                "15": 41,
                "16": 42,
                "17": 43,
                "18": 44,
                "19": 5,
                "20": 16,
                "21": 17,
                "22": 6,
                "23": 45,
                "24": 9,
                "25": 11,
                "26": 18,
                "27": 19,
                "28": 20,
                "29": 39,
                "30": 12,
                "31": 21,
                "32": 22,
                "33": 7,
                "34": 8,
                "35": 39,
                "36": 10,
                "37": 11,
                "38": 14,
                "39": 12,
                "40": 40,
                "41": 8,
                "42": 9,
                "43": 13,
                "44": 6,
                "45": 15,
                "46": 41,
                "47": 7,
                "48": 16,
                "49": 17,
                "50": 42,
                "51": 5,
                "52": 10,
                "53": 14,
                "54": 12,
                "55": 15,
                "56": 43,
                "57": 44,
                "58": 6,
                "59": 18,
                "60": 19,
                "61": 9,
                "62": 17,
                "63": 20,
                "64": 5,
                "65": 39,
                "66": 7,
                "67": 40,
                "68": 8,
                "69": 9,
                "70": 6,
                "71": 41,
                "72": 10,
                "73": 11,
                "74": 45,
                "75": 7,
                "76": 5,
                "77": 12,
                "78": 42,
                "79": 13,
                "80": 39,
                "81": 9,
                "82": 10,
                "83": 14,
                "84": 43,
                "85": 5,
                "86": 46,
                "87": 6,
                "88": 8,
                "89": 15,
                "90": 7,
                "91": 44,
                "92": 9,
                "93": 11,
                "94": 12,
                "95": 40,
                "96": 6,
                "97": 39,
                "98": 5,
                "99": 10,
                "100": 41,
                "101": 16,
                "102": 9,
                "103": 7,
                "104": 8,
                "105": 13,
                "106": 10,
                "107": 42,
                "108": 11,
                "109": 14,
                "110": 43,
                "111": 8,
                "112": 15,
                "113": 17,
                "114": 40,
                "115": 12,
                "116": 14,
                "117": 18,
                "118": 41,
                "119": 7,
                "120": 19,
                "121": 10,
                "122": 39,
                "123": 20,
                "124": 21,
                "125": 22,
                "126": 42,
                "127": 8,
                "128": 13,
                "129": 23,
                "130": 17,
                "131": 43,
                "132": 24,
                "133": 25,
                "134": 16,
                "135": 26,
                "136": 40,
                "137": 27,
                "138": 28,
                "139": 41,
                "140": 15,
                "141": 29,
                "142": 30,
                "143": 44,
                "144": 17,
                "145": 22,
                "146": 45,
                "147": 31,
                "148": 46,
                "149": 18,
                "150": 20,
                "151": 19,
                "152": 42,
                "153": 24,
                "154": 26,
                "155": 27,
                "156": 16,
                "157": 40,
                "158": 26,
                "159": 43,
                "160": 30,
                "161": 25,
                "162": 19,
                "163": 23,
                "164": 16,
                "165": 41,
                "166": 17,
                "167": 44,
                "168": 20,
                "169": 21,
                "170": 16,
                "171": 22,
                "172": 17,
                "173": 24,
                "174": 25,
                "175": 18,
                "176": 45,
                "177": 19,
                "178": 20,
                "179": 26,
                "180": 21,
                "181": 20,
                "182": 46,
                "183": 22,
                "184": 19,
                "185": 27,
                "186": 18,
                "187": 28,
                "188": 47,
                "189": 22,
                "190": 29,
                "191": 21,
                "192": 30,
                "193": 23,
                "194": 25,
                "195": 45,
                "196": 22,
                "197": 24,
                "198": 22
            }
        }
    }
]