[
    {
        "route_id": 0,
        "route_item": {
            "0": {
                "0": 80,
                "1": 104,
                "2": 45,
                "3": 134,
                "4": 0,
                "5": 46,
                "6": 1,
                "7": 105,
                "8": 47,
                "9": 81,
                "10": 82,
                "11": 167,
                "12": 86,
                "13": 87,
                "14": 48,
                "15": 135,
                "16": 2,
                "17": 144,
                "18": 49,
                "19": 106,
                "20": 170,
                "21": 55,
                "22": 3,
                "23": 138,
                "24": 4,
                "25": 5,
                "26": 88,
                "27": 107,
                "28": 113,
                "29": 114
            },
            "1": {
                "0": 80,
                "1": 104,
                "2": 45,
                "3": 134,
                "4": 0,
                "5": 46,
                "6": 1,
                "7": 105,
                "8": 47,
                "9": 81,
                "10": 82,
                "11": 167,
                "12": 86,
                "13": 87,
                "14": 48,
                "15": 135,
                "16": 2,
                "17": 144,
                "18": 49,
                "19": 106,
                "20": 170,
                "21": 55,
                "22": 3,
                "23": 138,
                "24": 4,
                "25": 5,
                "26": 88,
                "27": 107,
                "28": 113,
                "29": 114
            }
        }
    },
    {
        "route_id": 1,
        "route_item": {
            "0": {
                "0": 56,
                "1": 115,
                "2": 12,
                "3": 146,
                "4": 171,
                "5": 89,
                "6": 57,
                "7": 13,
                "8": 58,
                "9": 14,
                "10": 15,
                "11": 90,
                "12": 172,
                "13": 116,
                "14": 59,
                "15": 139,
                "16": 60,
                "17": 117,
                "18": 16,
                "19": 91,
                "20": 118,
                "21": 61,
                "22": 119,
                "23": 120,
                "24": 121,
                "25": 122,
                "26": 92,
                "27": 173,
                "28": 93,
                "29": 94
            },
            "1": {
                "0": 56,
                "1": 115,
                "2": 12,
                "3": 146,
                "4": 171,
                "5": 89,
                "6": 57,
                "7": 13,
                "8": 58,
                "9": 14,
                "10": 15,
                "11": 90,
                "12": 172,
                "13": 116,
                "14": 59,
                "15": 139,
                "16": 60,
                "17": 117,
                "18": 16,
                "19": 91,
                "20": 118,
                "21": 61,
                "22": 119,
                "23": 120,
                "24": 121,
                "25": 122,
                "26": 92,
                "27": 173,
                "28": 93,
                "29": 94
            }
        }
    },
    {
        "route_id": 2,
        "route_item": {
            "0": {
                "0": 123,
                "1": 95,
                "2": 17,
                "3": 124,
                "4": 62,
                "5": 125,
                "6": 96,
                "7": 18,
                "8": 63,
                "9": 174,
                "10": 80,
                "11": 64,
                "12": 147,
                "13": 140,
                "14": 126,
                "15": 0,
                "16": 175,
                "17": 104,
                "18": 65,
                "19": 97,
                "20": 1,
                "21": 66,
                "22": 176,
                "23": 134,
                "24": 115,
                "25": 127,
                "26": 2,
                "27": 45,
                "28": 177,
                "29": 105,
                "30": 19,
                "31": 3,
                "32": 46,
                "33": 20,
                "34": 4,
                "35": 47,
                "36": 81,
                "37": 113,
                "38": 5,
                "39": 48,
                "40": 167,
                "41": 80,
                "42": 135,
                "43": 13,
                "44": 107,
                "45": 141,
                "46": 49,
                "47": 144,
                "48": 15
            },
            "1": {
                "0": 123,
                "1": 95,
                "2": 17,
                "3": 124,
                "4": 62,
                "5": 125,
                "6": 96,
                "7": 18,
                "8": 63,
                "9": 174,
                "10": 80,
                "11": 64,
                "12": 147,
                "13": 140,
                "14": 126,
                "15": 0,
                "16": 175,
                "17": 104,
                "18": 65,
                "19": 97,
                "20": 1,
                "21": 66,
                "22": 176,
                "23": 134,
                "24": 115,
                "25": 127,
                "26": 2,
                "27": 45,
                "28": 177,
                "29": 105,
                "30": 19,
                "31": 3,
                "32": 46,
                "33": 20,
                "34": 4,
                "35": 47,
                "36": 81,
                "37": 113,
                "38": 5,
                "39": 48,
                "40": 167,
                "41": 80,
                "42": 135,
                "43": 13,
                "44": 107,
                "45": 141,
                "46": 49,
                "47": 144,
                "48": 15
            }
        }
    },
    {
        "route_id": 3,
        "route_item": {
            "0": {
                "0": 55,
                "1": 16,
                "2": 106,
                "3": 56,
                "4": 170,
                "5": 58,
                "6": 114,
                "7": 82,
                "8": 0,
                "9": 171,
                "10": 116,
                "11": 117,
                "12": 86,
                "13": 12,
                "14": 59,
                "15": 138,
                "16": 146,
                "17": 1,
                "18": 118,
                "19": 60,
                "20": 172,
                "21": 61,
                "22": 87,
                "23": 14,
                "24": 115,
                "25": 17,
                "26": 62,
                "27": 3,
                "28": 173,
                "29": 104,
                "30": 63,
                "31": 4,
                "32": 119,
                "33": 18,
                "34": 2,
                "35": 88,
                "36": 134,
                "37": 113,
                "38": 89,
                "39": 45,
                "40": 139,
                "41": 19,
                "42": 13,
                "43": 47,
                "44": 147,
                "45": 146,
                "46": 174,
                "47": 81,
                "48": 105,
                "49": 49
            },
            "1": {
                "0": 55,
                "1": 16,
                "2": 106,
                "3": 56,
                "4": 170,
                "5": 58,
                "6": 114,
                "7": 82,
                "8": 0,
                "9": 171,
                "10": 116,
                "11": 117,
                "12": 86,
                "13": 12,
                "14": 59,
                "15": 138,
                "16": 146,
                "17": 1,
                "18": 118,
                "19": 60,
                "20": 172,
                "21": 61,
                "22": 87,
                "23": 14,
                "24": 115,
                "25": 17,
                "26": 62,
                "27": 3,
                "28": 173,
                "29": 104,
                "30": 63,
                "31": 4,
                "32": 119,
                "33": 18,
                "34": 2,
                "35": 88,
                "36": 134,
                "37": 113,
                "38": 89,
                "39": 45,
                "40": 139,
                "41": 19,
                "42": 13,
                "43": 47,
                "44": 147,
                "45": 146,
                "46": 174,
                "47": 81,
                "48": 105,
                "49": 49
            }
        }
    },
    {
        "route_id": 4,
        "route_item": {
            "0": {
                "0": 106,
                "1": 5,
                "2": 120,
                "3": 15,
                "4": 57,
                "5": 16,
                "6": 65,
                "7": 20,
                "8": 82,
                "9": 55,
                "10": 64,
                "11": 107,
                "12": 21,
                "13": 86,
                "14": 135,
                "15": 90,
                "16": 4,
                "17": 167,
                "18": 114,
                "19": 117,
                "20": 121,
                "21": 14,
                "22": 17,
                "23": 22,
                "24": 56,
                "25": 58,
                "26": 60,
                "27": 170,
                "28": 66,
                "29": 16,
                "30": 113,
                "31": 116,
                "32": 23,
                "33": 24,
                "34": 138,
                "35": 118,
                "36": 18,
                "37": 80,
                "38": 87,
                "39": 46,
                "40": 0,
                "41": 25,
                "42": 26,
                "43": 119
            },
            "1": {
                "0": 106,
                "1": 5,
                "2": 120,
                "3": 15,
                "4": 57,
                "5": 16,
                "6": 65,
                "7": 20,
                "8": 82,
                "9": 55,
                "10": 64,
                "11": 107,
                "12": 21,
                "13": 86,
                "14": 135,
                "15": 90,
                "16": 4,
                "17": 167,
                "18": 114,
                "19": 117,
                "20": 121,
                "21": 14,
                "22": 17,
                "23": 22,
                "24": 56,
                "25": 58,
                "26": 60,
                "27": 170,
                "28": 66,
                "29": 16,
                "30": 113,
                "31": 116,
                "32": 23,
                "33": 24,
                "34": 138,
                "35": 118,
                "36": 18,
                "37": 80,
                "38": 87,
                "39": 46,
                "40": 0,
                "41": 25,
                "42": 26,
                "43": 119
            }
        }
    },
    {
        "route_id": 5,
        "route_item": {
            "0": {
                "0": 27,
                "1": 62,
                "2": 28,
                "3": 144,
                "4": 171,
                "5": 63,
                "6": 88,
                "7": 122,
                "8": 1,
                "9": 65,
                "10": 17,
                "11": 67,
                "12": 140,
                "13": 123,
                "14": 147,
                "15": 20,
                "16": 162,
                "17": 141,
                "18": 21,
                "19": 24,
                "20": 89,
                "21": 120,
                "22": 172,
                "23": 2,
                "24": 91,
                "25": 163,
                "26": 104,
                "27": 115,
                "28": 12,
                "29": 22,
                "30": 48,
                "31": 121,
                "32": 29,
                "33": 61,
                "34": 30,
                "35": 31,
                "36": 81,
                "37": 47,
                "38": 1,
                "39": 124,
                "40": 3,
                "41": 5,
                "42": 173,
                "43": 59,
                "44": 134,
                "45": 0,
                "46": 90,
                "47": 105,
                "48": 139,
                "49": 68,
                "50": 69,
                "51": 92,
                "52": 64,
                "53": 13,
                "54": 57,
                "55": 106,
                "56": 4,
                "57": 80,
                "58": 117
            },
            "1": {
                "0": 27,
                "1": 62,
                "2": 28,
                "3": 144,
                "4": 171,
                "5": 63,
                "6": 88,
                "7": 122,
                "8": 1,
                "9": 65,
                "10": 17,
                "11": 67,
                "12": 140,
                "13": 123,
                "14": 147,
                "15": 20,
                "16": 162,
                "17": 141,
                "18": 21,
                "19": 24,
                "20": 89,
                "21": 120,
                "22": 172,
                "23": 2,
                "24": 91,
                "25": 163,
                "26": 104,
                "27": 115,
                "28": 12,
                "29": 22,
                "30": 48,
                "31": 121,
                "32": 29,
                "33": 61,
                "34": 30,
                "35": 31,
                "36": 81,
                "37": 47,
                "38": 1,
                "39": 124,
                "40": 3,
                "41": 5,
                "42": 173,
                "43": 59,
                "44": 134,
                "45": 0,
                "46": 90,
                "47": 105,
                "48": 139,
                "49": 68,
                "50": 69,
                "51": 92,
                "52": 64,
                "53": 13,
                "54": 57,
                "55": 106,
                "56": 4,
                "57": 80,
                "58": 117
            }
        }
    },
    {
        "route_id": 6,
        "route_item": {
            "0": {
                "0": 174,
                "1": 14,
                "2": 114,
                "3": 46,
                "4": 135,
                "5": 115,
                "6": 118,
                "7": 15,
                "8": 19,
                "9": 23,
                "10": 25,
                "11": 82,
                "12": 142,
                "13": 2,
                "14": 93,
                "15": 5,
                "16": 24,
                "17": 146,
                "18": 164,
                "19": 148,
                "20": 48,
                "21": 55,
                "22": 45,
                "23": 107,
                "24": 16,
                "25": 58,
                "26": 22,
                "27": 167,
                "28": 86,
                "29": 165,
                "30": 13,
                "31": 104,
                "32": 113,
                "33": 1,
                "34": 49,
                "35": 138,
                "36": 3,
                "37": 140,
                "38": 0
            },
            "1": {
                "0": 174,
                "1": 14,
                "2": 114,
                "3": 46,
                "4": 135,
                "5": 115,
                "6": 118,
                "7": 15,
                "8": 19,
                "9": 23,
                "10": 25,
                "11": 82,
                "12": 142,
                "13": 2,
                "14": 93,
                "15": 5,
                "16": 24,
                "17": 146,
                "18": 164,
                "19": 148,
                "20": 48,
                "21": 55,
                "22": 45,
                "23": 107,
                "24": 16,
                "25": 58,
                "26": 22,
                "27": 167,
                "28": 86,
                "29": 165,
                "30": 13,
                "31": 104,
                "32": 113,
                "33": 1,
                "34": 49,
                "35": 138,
                "36": 3,
                "37": 140,
                "38": 0
            }
        }
    },
    {
        "route_id": 7,
        "route_item": {
            "0": {
                "0": 81,
                "1": 56,
                "2": 116,
                "3": 170,
                "4": 12,
                "5": 17,
                "6": 105,
                "7": 59,
                "8": 106,
                "9": 18,
                "10": 20,
                "11": 60,
                "12": 23,
                "13": 87,
                "14": 22,
                "15": 88,
                "16": 61,
                "17": 14,
                "18": 62,
                "19": 15,
                "20": 24,
                "21": 80,
                "22": 134,
                "23": 2,
                "24": 171,
                "25": 89,
                "26": 107,
                "27": 139,
                "28": 115
            },
            "1": {
                "0": 81,
                "1": 56,
                "2": 116,
                "3": 170,
                "4": 12,
                "5": 17,
                "6": 105,
                "7": 59,
                "8": 106,
                "9": 18,
                "10": 20,
                "11": 60,
                "12": 23,
                "13": 87,
                "14": 22,
                "15": 88,
                "16": 61,
                "17": 14,
                "18": 62,
                "19": 15,
                "20": 24,
                "21": 80,
                "22": 134,
                "23": 2,
                "24": 171,
                "25": 89,
                "26": 107,
                "27": 139,
                "28": 115
            }
        }
    },
    {
        "route_id": 8,
        "route_item": {
            "0": {
                "0": 118,
                "1": 144,
                "2": 3,
                "3": 47,
                "4": 57,
                "5": 16,
                "6": 162,
                "7": 114,
                "8": 5,
                "9": 86,
                "10": 163,
                "11": 1,
                "12": 172,
                "13": 104,
                "14": 48,
                "15": 55,
                "16": 63
            },
            "1": {
                "0": 118,
                "1": 144,
                "2": 3,
                "3": 47,
                "4": 57,
                "5": 16,
                "6": 162,
                "7": 114,
                "8": 5,
                "9": 86,
                "10": 163,
                "11": 1,
                "12": 172,
                "13": 104,
                "14": 48,
                "15": 55,
                "16": 63
            }
        }
    },
    {
        "route_id": 9,
        "route_item": {
            "0": {
                "0": 64,
                "1": 4,
                "2": 13,
                "3": 19,
                "4": 135,
                "5": 21,
                "6": 12,
                "7": 82,
                "8": 117,
                "9": 23,
                "10": 106,
                "11": 49,
                "12": 113,
                "13": 58,
                "14": 14,
                "15": 144,
                "16": 167,
                "17": 81
            },
            "1": {
                "0": 64,
                "1": 4,
                "2": 13,
                "3": 19,
                "4": 135,
                "5": 21,
                "6": 12,
                "7": 82,
                "8": 117,
                "9": 23,
                "10": 106,
                "11": 49,
                "12": 113,
                "13": 58,
                "14": 14,
                "15": 144,
                "16": 167,
                "17": 81
            }
        }
    },
    {
        "route_id": 10,
        "route_item": {
            "0": {
                "0": 105,
                "1": 16,
                "2": 15,
                "3": 119,
                "4": 138,
                "5": 120,
                "6": 46,
                "7": 88,
                "8": 17,
                "9": 56,
                "10": 59,
                "11": 141,
                "12": 2,
                "13": 0,
                "14": 87,
                "15": 3,
                "16": 170,
                "17": 107,
                "18": 13,
                "19": 18,
                "20": 45,
                "21": 19
            },
            "1": {
                "0": 105,
                "1": 16,
                "2": 15,
                "3": 119,
                "4": 138,
                "5": 120,
                "6": 46,
                "7": 88,
                "8": 17,
                "9": 56,
                "10": 59,
                "11": 141,
                "12": 2,
                "13": 0,
                "14": 87,
                "15": 3,
                "16": 170,
                "17": 107,
                "18": 13,
                "19": 18,
                "20": 45,
                "21": 19
            }
        }
    },
    {
        "route_id": 11,
        "route_item": {
            "0": {
                "0": 20,
                "1": 115,
                "2": 60,
                "3": 14,
                "4": 89,
                "5": 62,
                "6": 164,
                "7": 171,
                "8": 116,
                "9": 90,
                "10": 1,
                "11": 139,
                "12": 118,
                "13": 21,
                "14": 24,
                "15": 146,
                "16": 117,
                "17": 165,
                "18": 86,
                "19": 57,
                "20": 172,
                "21": 12,
                "22": 4,
                "23": 147,
                "24": 17,
                "25": 55,
                "26": 61,
                "27": 22,
                "28": 105,
                "29": 114,
                "30": 5,
                "31": 82,
                "32": 48,
                "33": 134,
                "34": 121,
                "35": 120,
                "36": 15
            },
            "1": {
                "0": 20,
                "1": 115,
                "2": 60,
                "3": 14,
                "4": 89,
                "5": 62,
                "6": 164,
                "7": 171,
                "8": 116,
                "9": 90,
                "10": 1,
                "11": 139,
                "12": 118,
                "13": 21,
                "14": 24,
                "15": 146,
                "16": 117,
                "17": 165,
                "18": 86,
                "19": 57,
                "20": 172,
                "21": 12,
                "22": 4,
                "23": 147,
                "24": 17,
                "25": 55,
                "26": 61,
                "27": 22,
                "28": 105,
                "29": 114,
                "30": 5,
                "31": 82,
                "32": 48,
                "33": 134,
                "34": 121,
                "35": 120,
                "36": 15
            }
        }
    },
    {
        "route_id": 12,
        "route_item": {
            "0": {
                "0": 173,
                "1": 122,
                "2": 123,
                "3": 125,
                "4": 19,
                "5": 124,
                "6": 91,
                "7": 92,
                "8": 20,
                "9": 25,
                "10": 26,
                "11": 167,
                "12": 49,
                "13": 81,
                "14": 126,
                "15": 135,
                "16": 3,
                "17": 107,
                "18": 56,
                "19": 113,
                "20": 13,
                "21": 16,
                "22": 58,
                "23": 59,
                "24": 27,
                "25": 14,
                "26": 175,
                "27": 87,
                "28": 63,
                "29": 64,
                "30": 22,
                "31": 23,
                "32": 170,
                "33": 21,
                "34": 116,
                "35": 65,
                "36": 144,
                "37": 28,
                "38": 166
            },
            "1": {
                "0": 173,
                "1": 122,
                "2": 123,
                "3": 125,
                "4": 19,
                "5": 124,
                "6": 91,
                "7": 92,
                "8": 20,
                "9": 25,
                "10": 26,
                "11": 167,
                "12": 49,
                "13": 81,
                "14": 126,
                "15": 135,
                "16": 3,
                "17": 107,
                "18": 56,
                "19": 113,
                "20": 13,
                "21": 16,
                "22": 58,
                "23": 59,
                "24": 27,
                "25": 14,
                "26": 175,
                "27": 87,
                "28": 63,
                "29": 64,
                "30": 22,
                "31": 23,
                "32": 170,
                "33": 21,
                "34": 116,
                "35": 65,
                "36": 144,
                "37": 28,
                "38": 166
            }
        }
    },
    {
        "route_id": 13,
        "route_item": {
            "0": {
                "0": 88,
                "1": 138,
                "2": 118,
                "3": 89,
                "4": 26,
                "5": 60,
                "6": 62,
                "7": 115,
                "8": 66,
                "9": 162,
                "10": 17,
                "11": 171,
                "12": 174,
                "13": 90,
                "14": 119,
                "15": 18,
                "16": 29,
                "17": 120,
                "18": 30,
                "19": 67,
                "20": 31,
                "21": 32,
                "22": 24,
                "23": 176,
                "24": 94,
                "25": 127,
                "26": 139,
                "27": 128,
                "28": 93,
                "29": 61,
                "30": 95,
                "31": 147,
                "32": 124,
                "33": 23,
                "34": 68,
                "35": 125,
                "36": 25
            },
            "1": {
                "0": 88,
                "1": 138,
                "2": 118,
                "3": 89,
                "4": 26,
                "5": 60,
                "6": 62,
                "7": 115,
                "8": 66,
                "9": 162,
                "10": 17,
                "11": 171,
                "12": 174,
                "13": 90,
                "14": 119,
                "15": 18,
                "16": 29,
                "17": 120,
                "18": 30,
                "19": 67,
                "20": 31,
                "21": 32,
                "22": 24,
                "23": 176,
                "24": 94,
                "25": 127,
                "26": 139,
                "27": 128,
                "28": 93,
                "29": 61,
                "30": 95,
                "31": 147,
                "32": 124,
                "33": 23,
                "34": 68,
                "35": 125,
                "36": 25
            }
        }
    },
    {
        "route_id": 14,
        "route_item": {
            "0": {
                "0": 96,
                "1": 129,
                "2": 97,
                "3": 27,
                "4": 140,
                "5": 130,
                "6": 98,
                "7": 28,
                "8": 69,
                "9": 172,
                "10": 99,
                "11": 70,
                "12": 146,
                "13": 13,
                "14": 131,
                "15": 16,
                "16": 19,
                "17": 33,
                "18": 132,
                "19": 71,
                "20": 173,
                "21": 100,
                "22": 175,
                "23": 101,
                "24": 121,
                "25": 63,
                "26": 126,
                "27": 72,
                "28": 20,
                "29": 26,
                "30": 141,
                "31": 31,
                "32": 21,
                "33": 62
            },
            "1": {
                "0": 96,
                "1": 129,
                "2": 97,
                "3": 27,
                "4": 140,
                "5": 130,
                "6": 98,
                "7": 28,
                "8": 69,
                "9": 172,
                "10": 99,
                "11": 70,
                "12": 146,
                "13": 13,
                "14": 131,
                "15": 16,
                "16": 19,
                "17": 33,
                "18": 132,
                "19": 71,
                "20": 173,
                "21": 100,
                "22": 175,
                "23": 101,
                "24": 121,
                "25": 63,
                "26": 126,
                "27": 72,
                "28": 20,
                "29": 26,
                "30": 141,
                "31": 31,
                "32": 21,
                "33": 62
            }
        }
    },
    {
        "route_id": 15,
        "route_item": {
            "0": {
                "0": 88,
                "1": 17,
                "2": 18,
                "3": 119,
                "4": 73,
                "5": 22,
                "6": 29,
                "7": 32,
                "8": 174,
                "9": 123,
                "10": 24,
                "11": 65,
                "12": 89,
                "13": 142,
                "14": 124,
                "15": 74,
                "16": 33,
                "17": 148,
                "18": 176,
                "19": 90,
                "20": 128,
                "21": 143,
                "22": 130,
                "23": 20,
                "24": 27,
                "25": 75,
                "26": 120,
                "27": 177,
                "28": 91,
                "29": 23,
                "30": 122,
                "31": 68,
                "32": 132
            },
            "1": {
                "0": 88,
                "1": 17,
                "2": 18,
                "3": 119,
                "4": 73,
                "5": 22,
                "6": 29,
                "7": 32,
                "8": 174,
                "9": 123,
                "10": 24,
                "11": 65,
                "12": 89,
                "13": 142,
                "14": 124,
                "15": 74,
                "16": 33,
                "17": 148,
                "18": 176,
                "19": 90,
                "20": 128,
                "21": 143,
                "22": 130,
                "23": 20,
                "24": 27,
                "25": 75,
                "26": 120,
                "27": 177,
                "28": 91,
                "29": 23,
                "30": 122,
                "31": 68,
                "32": 132
            }
        }
    },
    {
        "route_id": 16,
        "route_item": {
            "0": {
                "0": 30,
                "1": 34,
                "2": 35,
                "3": 25,
                "4": 32,
                "5": 69,
                "6": 71,
                "7": 140,
                "8": 149,
                "9": 36,
                "10": 173,
                "11": 123,
                "12": 21,
                "13": 129,
                "14": 66,
                "15": 133,
                "16": 76,
                "17": 22,
                "18": 92,
                "19": 24,
                "20": 28,
                "21": 67,
                "22": 121,
                "23": 174,
                "24": 93,
                "25": 26,
                "26": 178,
                "27": 147
            },
            "1": {
                "0": 30,
                "1": 34,
                "2": 35,
                "3": 25,
                "4": 32,
                "5": 69,
                "6": 71,
                "7": 140,
                "8": 149,
                "9": 36,
                "10": 173,
                "11": 123,
                "12": 21,
                "13": 129,
                "14": 66,
                "15": 133,
                "16": 76,
                "17": 22,
                "18": 92,
                "19": 24,
                "20": 28,
                "21": 67,
                "22": 121,
                "23": 174,
                "24": 93,
                "25": 26,
                "26": 178,
                "27": 147
            }
        }
    },
    {
        "route_id": 17,
        "route_item": {
            "0": {},
            "1": {}
        }
    },
    {
        "route_id": 18,
        "route_item": {
            "0": {},
            "1": {}
        }
    },
    {
        "route_id": 19,
        "route_item": {
            "0": {
                "0": 31,
                "1": 94,
                "2": 122,
                "3": 141,
                "4": 33,
                "5": 127,
                "6": 34,
                "7": 35,
                "8": 29,
                "9": 65,
                "10": 70,
                "11": 72,
                "12": 23,
                "13": 25,
                "14": 91,
                "15": 95,
                "16": 175,
                "17": 179,
                "18": 71,
                "19": 124,
                "20": 125,
                "21": 149,
                "22": 128,
                "23": 130,
                "24": 142,
                "25": 24,
                "26": 26,
                "27": 96,
                "28": 73,
                "29": 74,
                "30": 75
            },
            "1": {
                "0": 31,
                "1": 94,
                "2": 122,
                "3": 141,
                "4": 33,
                "5": 127,
                "6": 34,
                "7": 35,
                "8": 29,
                "9": 65,
                "10": 70,
                "11": 72,
                "12": 23,
                "13": 25,
                "14": 91,
                "15": 95,
                "16": 175,
                "17": 179,
                "18": 71,
                "19": 124,
                "20": 125,
                "21": 149,
                "22": 128,
                "23": 130,
                "24": 142,
                "25": 24,
                "26": 26,
                "27": 96,
                "28": 73,
                "29": 74,
                "30": 75
            }
        }
    },
    {
        "route_id": 20,
        "route_item": {
            "0": {
                "0": 77,
                "1": 32,
                "2": 177,
                "3": 78,
                "4": 123,
                "5": 94,
                "6": 35,
                "7": 140
            },
            "1": {
                "0": 77,
                "1": 32,
                "2": 177,
                "3": 78,
                "4": 123,
                "5": 94,
                "6": 35,
                "7": 140
            }
        }
    },
    {
        "route_id": 21,
        "route_item": {
            "0": {
                "0": 92,
                "1": 93,
                "2": 126,
                "3": 129,
                "4": 27,
                "5": 66,
                "6": 28,
                "7": 29,
                "8": 174,
                "9": 33
            },
            "1": {
                "0": 92,
                "1": 93,
                "2": 126,
                "3": 129,
                "4": 27,
                "5": 66,
                "6": 28,
                "7": 29,
                "8": 174,
                "9": 33
            }
        }
    },
    {
        "route_id": 22,
        "route_item": {
            "0": {
                "0": 67,
                "1": 36,
                "2": 76,
                "3": 68,
                "4": 25,
                "5": 30,
                "6": 91,
                "7": 69,
                "8": 97,
                "9": 24,
                "10": 122,
                "11": 26
            },
            "1": {
                "0": 67,
                "1": 36,
                "2": 76,
                "3": 68,
                "4": 25,
                "5": 30,
                "6": 91,
                "7": 69,
                "8": 97,
                "9": 24,
                "10": 122,
                "11": 26
            }
        }
    }
]