[
    {
        "route_id": 0,
        "route_item": {
            "0": {
                "0": 80,
                "1": 0,
                "2": 1,
                "3": 104,
                "4": 45,
                "5": 144,
                "6": 81,
                "7": 82,
                "8": 167,
                "9": 83,
                "10": 84,
                "11": 46,
                "12": 2,
                "13": 145,
                "14": 146,
                "15": 3,
                "16": 85,
                "17": 47,
                "18": 147,
                "19": 105,
                "20": 4,
                "21": 168,
                "22": 86,
                "23": 48,
                "24": 5,
                "25": 49,
                "26": 148,
                "27": 106,
                "28": 6
            },
            "1": {
                "0": 80,
                "1": 0,
                "2": 1,
                "3": 104,
                "4": 45,
                "5": 144,
                "6": 81,
                "7": 82,
                "8": 167,
                "9": 83,
                "10": 84,
                "11": 46,
                "12": 2,
                "13": 145,
                "14": 146,
                "15": 3,
                "16": 85,
                "17": 47,
                "18": 147,
                "19": 105,
                "20": 4,
                "21": 168,
                "22": 86,
                "23": 48,
                "24": 5,
                "25": 49,
                "26": 148,
                "27": 106,
                "28": 6
            }
        }
    },
    {
        "route_id": 1,
        "route_item": {
            "0": {
                "0": 7,
                "1": 149,
                "2": 107,
                "3": 87,
                "4": 108,
                "5": 50,
                "6": 8,
                "7": 109,
                "8": 110,
                "9": 88,
                "10": 169,
                "11": 89,
                "12": 90,
                "13": 150,
                "14": 9,
                "15": 51,
                "16": 91,
                "17": 10,
                "18": 52,
                "19": 80,
                "20": 92,
                "21": 151,
                "22": 152,
                "23": 0,
                "24": 170,
                "25": 111,
                "26": 53,
                "27": 93,
                "28": 1
            },
            "1": {
                "0": 7,
                "1": 149,
                "2": 107,
                "3": 87,
                "4": 108,
                "5": 50,
                "6": 8,
                "7": 109,
                "8": 110,
                "9": 88,
                "10": 169,
                "11": 89,
                "12": 90,
                "13": 150,
                "14": 9,
                "15": 51,
                "16": 91,
                "17": 10,
                "18": 52,
                "19": 80,
                "20": 92,
                "21": 151,
                "22": 152,
                "23": 0,
                "24": 170,
                "25": 111,
                "26": 53,
                "27": 93,
                "28": 1
            }
        }
    },
    {
        "route_id": 2,
        "route_item": {
            "0": {
                "0": 112,
                "1": 145,
                "2": 153,
                "3": 2,
                "4": 46,
                "5": 171,
                "6": 104,
                "7": 11,
                "8": 3,
                "9": 12,
                "10": 113,
                "11": 13,
                "12": 45,
                "13": 144,
                "14": 114,
                "15": 5,
                "16": 107,
                "17": 81,
                "18": 82,
                "19": 7,
                "20": 8,
                "21": 106,
                "22": 146,
                "23": 109,
                "24": 147,
                "25": 14,
                "26": 167,
                "27": 15,
                "28": 48,
                "29": 49,
                "30": 83,
                "31": 0,
                "32": 168,
                "33": 105,
                "34": 108,
                "35": 110,
                "36": 115,
                "37": 84,
                "38": 4,
                "39": 50
            },
            "1": {
                "0": 112,
                "1": 145,
                "2": 153,
                "3": 2,
                "4": 46,
                "5": 171,
                "6": 104,
                "7": 11,
                "8": 3,
                "9": 12,
                "10": 113,
                "11": 13,
                "12": 45,
                "13": 144,
                "14": 114,
                "15": 5,
                "16": 107,
                "17": 81,
                "18": 82,
                "19": 7,
                "20": 8,
                "21": 106,
                "22": 146,
                "23": 109,
                "24": 147,
                "25": 14,
                "26": 167,
                "27": 15,
                "28": 48,
                "29": 49,
                "30": 83,
                "31": 0,
                "32": 168,
                "33": 105,
                "34": 108,
                "35": 110,
                "36": 115,
                "37": 84,
                "38": 4,
                "39": 50
            }
        }
    },
    {
        "route_id": 3,
        "route_item": {
            "0": {
                "0": 52,
                "1": 148,
                "2": 149,
                "3": 150,
                "4": 1,
                "5": 169,
                "6": 80,
                "7": 6,
                "8": 9,
                "9": 10,
                "10": 47,
                "11": 11,
                "12": 54,
                "13": 3,
                "14": 104,
                "15": 13,
                "16": 16,
                "17": 2,
                "18": 170,
                "19": 46,
                "20": 145,
                "21": 111,
                "22": 81,
                "23": 151,
                "24": 112,
                "25": 7,
                "26": 85,
                "27": 8,
                "28": 45,
                "29": 144,
                "30": 146,
                "31": 171,
                "32": 86,
                "33": 107,
                "34": 5,
                "35": 109,
                "36": 12,
                "37": 149,
                "38": 14,
                "39": 49,
                "40": 15,
                "41": 51,
                "42": 152,
                "43": 6,
                "44": 82,
                "45": 153,
                "46": 106,
                "47": 17
            },
            "1": {
                "0": 52,
                "1": 148,
                "2": 149,
                "3": 150,
                "4": 1,
                "5": 169,
                "6": 80,
                "7": 6,
                "8": 9,
                "9": 10,
                "10": 47,
                "11": 11,
                "12": 54,
                "13": 3,
                "14": 104,
                "15": 13,
                "16": 16,
                "17": 2,
                "18": 170,
                "19": 46,
                "20": 145,
                "21": 111,
                "22": 81,
                "23": 151,
                "24": 112,
                "25": 7,
                "26": 85,
                "27": 8,
                "28": 45,
                "29": 144,
                "30": 146,
                "31": 171,
                "32": 86,
                "33": 107,
                "34": 5,
                "35": 109,
                "36": 12,
                "37": 149,
                "38": 14,
                "39": 49,
                "40": 15,
                "41": 51,
                "42": 152,
                "43": 6,
                "44": 82,
                "45": 153,
                "46": 106,
                "47": 17
            }
        }
    },
    {
        "route_id": 4,
        "route_item": {
            "0": {
                "0": 18,
                "1": 83,
                "2": 84,
                "3": 13,
                "4": 167,
                "5": 108,
                "6": 48,
                "7": 110,
                "8": 113,
                "9": 9,
                "10": 10,
                "11": 19,
                "12": 52,
                "13": 15,
                "14": 105,
                "15": 20,
                "16": 150,
                "17": 21,
                "18": 168,
                "19": 112,
                "20": 53,
                "21": 54,
                "22": 22,
                "23": 23,
                "24": 24,
                "25": 55,
                "26": 154,
                "27": 16,
                "28": 86,
                "29": 87,
                "30": 0,
                "31": 151,
                "32": 12,
                "33": 114,
                "34": 25,
                "35": 56,
                "36": 26,
                "37": 27,
                "38": 155,
                "39": 57,
                "40": 169
            },
            "1": {
                "0": 18,
                "1": 83,
                "2": 84,
                "3": 13,
                "4": 167,
                "5": 108,
                "6": 48,
                "7": 110,
                "8": 113,
                "9": 9,
                "10": 10,
                "11": 19,
                "12": 52,
                "13": 15,
                "14": 105,
                "15": 20,
                "16": 150,
                "17": 21,
                "18": 168,
                "19": 112,
                "20": 53,
                "21": 54,
                "22": 22,
                "23": 23,
                "24": 24,
                "25": 55,
                "26": 154,
                "27": 16,
                "28": 86,
                "29": 87,
                "30": 0,
                "31": 151,
                "32": 12,
                "33": 114,
                "34": 25,
                "35": 56,
                "36": 26,
                "37": 27,
                "38": 155,
                "39": 57,
                "40": 169
            }
        }
    },
    {
        "route_id": 5,
        "route_item": {
            "0": {
                "0": 85,
                "1": 111,
                "2": 1,
                "3": 15,
                "4": 148,
                "5": 17,
                "6": 161,
                "7": 147,
                "8": 13,
                "9": 80,
                "10": 113,
                "11": 115,
                "12": 24,
                "13": 58,
                "14": 2,
                "15": 144,
                "16": 88,
                "17": 162,
                "18": 170,
                "19": 104,
                "20": 4,
                "21": 14,
                "22": 19,
                "23": 59,
                "24": 89,
                "25": 90,
                "26": 91,
                "27": 28,
                "28": 29,
                "29": 81,
                "30": 3,
                "31": 1,
                "32": 47,
                "33": 145,
                "34": 5,
                "35": 7,
                "36": 21,
                "37": 45,
                "38": 0,
                "39": 171,
                "40": 92,
                "41": 107,
                "42": 116,
                "43": 93,
                "44": 148,
                "45": 117,
                "46": 50,
                "47": 94,
                "48": 51,
                "49": 6,
                "50": 109,
                "51": 86
            },
            "1": {
                "0": 85,
                "1": 111,
                "2": 1,
                "3": 15,
                "4": 148,
                "5": 17,
                "6": 161,
                "7": 147,
                "8": 13,
                "9": 80,
                "10": 113,
                "11": 115,
                "12": 24,
                "13": 58,
                "14": 2,
                "15": 144,
                "16": 88,
                "17": 162,
                "18": 170,
                "19": 104,
                "20": 4,
                "21": 14,
                "22": 19,
                "23": 59,
                "24": 89,
                "25": 90,
                "26": 91,
                "27": 28,
                "28": 29,
                "29": 81,
                "30": 3,
                "31": 1,
                "32": 47,
                "33": 145,
                "34": 5,
                "35": 7,
                "36": 21,
                "37": 45,
                "38": 0,
                "39": 171,
                "40": 92,
                "41": 107,
                "42": 116,
                "43": 93,
                "44": 148,
                "45": 117,
                "46": 50,
                "47": 94,
                "48": 51,
                "49": 6,
                "50": 109,
                "51": 86
            }
        }
    },
    {
        "route_id": 6,
        "route_item": {
            "0": {
                "0": 9,
                "1": 172,
                "2": 10,
                "3": 108,
                "4": 49,
                "5": 11,
                "6": 110,
                "7": 16,
                "8": 17,
                "9": 82,
                "10": 84,
                "11": 87,
                "12": 18,
                "13": 20,
                "14": 146,
                "15": 89,
                "16": 149,
                "17": 2,
                "18": 95,
                "19": 7,
                "20": 8,
                "21": 152,
                "22": 163,
                "23": 153,
                "24": 46,
                "25": 106,
                "26": 22,
                "27": 48
            },
            "1": {
                "0": 9,
                "1": 172,
                "2": 10,
                "3": 108,
                "4": 49,
                "5": 11,
                "6": 110,
                "7": 16,
                "8": 17,
                "9": 82,
                "10": 84,
                "11": 87,
                "12": 18,
                "13": 20,
                "14": 146,
                "15": 89,
                "16": 149,
                "17": 2,
                "18": 95,
                "19": 7,
                "20": 8,
                "21": 152,
                "22": 163,
                "23": 153,
                "24": 46,
                "25": 106,
                "26": 22,
                "27": 48
            }
        }
    },
    {
        "route_id": 7,
        "route_item": {
            "0": {
                "0": 23,
                "1": 25,
                "2": 167,
                "3": 80,
                "4": 164,
                "5": 3,
                "6": 104,
                "7": 6,
                "8": 105,
                "9": 83,
                "10": 144,
                "11": 1,
                "12": 147,
                "13": 4,
                "14": 168,
                "15": 81,
                "16": 112,
                "17": 0,
                "18": 5,
                "19": 11,
                "20": 107,
                "21": 45,
                "22": 12,
                "23": 15
            },
            "1": {
                "0": 23,
                "1": 25,
                "2": 167,
                "3": 80,
                "4": 164,
                "5": 3,
                "6": 104,
                "7": 6,
                "8": 105,
                "9": 83,
                "10": 144,
                "11": 1,
                "12": 147,
                "13": 4,
                "14": 168,
                "15": 81,
                "16": 112,
                "17": 0,
                "18": 5,
                "19": 11,
                "20": 107,
                "21": 45,
                "22": 12,
                "23": 15
            }
        }
    },
    {
        "route_id": 8,
        "route_item": {
            "0": {
                "0": 52,
                "1": 82,
                "2": 88,
                "3": 93,
                "4": 18,
                "5": 8,
                "6": 85,
                "7": 92,
                "8": 145,
                "9": 169,
                "10": 148,
                "11": 10,
                "12": 109,
                "13": 13,
                "14": 14,
                "15": 19,
                "16": 172
            },
            "1": {
                "0": 52,
                "1": 82,
                "2": 88,
                "3": 93,
                "4": 18,
                "5": 8,
                "6": 85,
                "7": 92,
                "8": 145,
                "9": 169,
                "10": 148,
                "11": 10,
                "12": 109,
                "13": 13,
                "14": 14,
                "15": 19,
                "16": 172
            }
        }
    },
    {
        "route_id": 9,
        "route_item": {
            "0": {
                "0": 83,
                "1": 2,
                "2": 94,
                "3": 110,
                "4": 4,
                "5": 111,
                "6": 150,
                "7": 96,
                "8": 50,
                "9": 20,
                "10": 51,
                "11": 21,
                "12": 161,
                "13": 47,
                "14": 146,
                "15": 105,
                "16": 3,
                "17": 53
            },
            "1": {
                "0": 83,
                "1": 2,
                "2": 94,
                "3": 110,
                "4": 4,
                "5": 111,
                "6": 150,
                "7": 96,
                "8": 50,
                "9": 20,
                "10": 51,
                "11": 21,
                "12": 161,
                "13": 47,
                "14": 146,
                "15": 105,
                "16": 3,
                "17": 53
            }
        }
    },
    {
        "route_id": 10,
        "route_item": {
            "0": {
                "0": 80,
                "1": 162,
                "2": 1,
                "3": 167,
                "4": 104,
                "5": 7,
                "6": 82,
                "7": 95,
                "8": 97,
                "9": 9,
                "10": 18,
                "11": 144,
                "12": 6,
                "13": 14,
                "14": 5,
                "15": 98,
                "16": 22,
                "17": 45,
                "18": 106,
                "19": 46,
                "20": 10
            },
            "1": {
                "0": 80,
                "1": 162,
                "2": 1,
                "3": 167,
                "4": 104,
                "5": 7,
                "6": 82,
                "7": 95,
                "8": 97,
                "9": 9,
                "10": 18,
                "11": 144,
                "12": 6,
                "13": 14,
                "14": 5,
                "15": 98,
                "16": 22,
                "17": 45,
                "18": 106,
                "19": 46,
                "20": 10
            }
        }
    },
    {
        "route_id": 11,
        "route_item": {
            "0": {
                "0": 11,
                "1": 147,
                "2": 168,
                "3": 81,
                "4": 107,
                "5": 8,
                "6": 149,
                "7": 84,
                "8": 48,
                "9": 150,
                "10": 108,
                "11": 12,
                "12": 112,
                "13": 13,
                "14": 86,
                "15": 16,
                "16": 113,
                "17": 2,
                "18": 82,
                "19": 4,
                "20": 49,
                "21": 169,
                "22": 0,
                "23": 52,
                "24": 145,
                "25": 109,
                "26": 9,
                "27": 148,
                "28": 15,
                "29": 54,
                "30": 85,
                "31": 90,
                "32": 91,
                "33": 17,
                "34": 23,
                "35": 110,
                "36": 10
            },
            "1": {
                "0": 11,
                "1": 147,
                "2": 168,
                "3": 81,
                "4": 107,
                "5": 8,
                "6": 149,
                "7": 84,
                "8": 48,
                "9": 150,
                "10": 108,
                "11": 12,
                "12": 112,
                "13": 13,
                "14": 86,
                "15": 16,
                "16": 113,
                "17": 2,
                "18": 82,
                "19": 4,
                "20": 49,
                "21": 169,
                "22": 0,
                "23": 52,
                "24": 145,
                "25": 109,
                "26": 9,
                "27": 148,
                "28": 15,
                "29": 54,
                "30": 85,
                "31": 90,
                "32": 91,
                "33": 17,
                "34": 23,
                "35": 110,
                "36": 10
            }
        }
    },
    {
        "route_id": 12,
        "route_item": {
            "0": {
                "0": 89,
                "1": 24,
                "2": 163,
                "3": 170,
                "4": 84,
                "5": 1,
                "6": 151,
                "7": 111,
                "8": 6,
                "9": 14,
                "10": 25,
                "11": 146,
                "12": 114,
                "13": 47,
                "14": 164,
                "15": 80,
                "16": 104,
                "17": 83,
                "18": 152,
                "19": 171,
                "20": 5,
                "21": 45,
                "22": 7,
                "23": 144,
                "24": 16,
                "25": 51,
                "26": 21,
                "27": 105,
                "28": 17,
                "29": 85
            },
            "1": {
                "0": 89,
                "1": 24,
                "2": 163,
                "3": 170,
                "4": 84,
                "5": 1,
                "6": 151,
                "7": 111,
                "8": 6,
                "9": 14,
                "10": 25,
                "11": 146,
                "12": 114,
                "13": 47,
                "14": 164,
                "15": 80,
                "16": 104,
                "17": 83,
                "18": 152,
                "19": 171,
                "20": 5,
                "21": 45,
                "22": 7,
                "23": 144,
                "24": 16,
                "25": 51,
                "26": 21,
                "27": 105,
                "28": 17,
                "29": 85
            }
        }
    },
    {
        "route_id": 13,
        "route_item": {
            "0": {
                "0": 154,
                "1": 107,
                "2": 18,
                "3": 55,
                "4": 3,
                "5": 167,
                "6": 106,
                "7": 12,
                "8": 113,
                "9": 115,
                "10": 13,
                "11": 149,
                "12": 87,
                "13": 92,
                "14": 20,
                "15": 23,
                "16": 94,
                "17": 96,
                "18": 98,
                "19": 26,
                "20": 116,
                "21": 81,
                "22": 50,
                "23": 150,
                "24": 2,
                "25": 8,
                "26": 108,
                "27": 48,
                "28": 9,
                "29": 14,
                "30": 56,
                "31": 27,
                "32": 28,
                "33": 10,
                "34": 168,
                "35": 82,
                "36": 11
            },
            "1": {
                "0": 154,
                "1": 107,
                "2": 18,
                "3": 55,
                "4": 3,
                "5": 167,
                "6": 106,
                "7": 12,
                "8": 113,
                "9": 115,
                "10": 13,
                "11": 149,
                "12": 87,
                "13": 92,
                "14": 20,
                "15": 23,
                "16": 94,
                "17": 96,
                "18": 98,
                "19": 26,
                "20": 116,
                "21": 81,
                "22": 50,
                "23": 150,
                "24": 2,
                "25": 8,
                "26": 108,
                "27": 48,
                "28": 9,
                "29": 14,
                "30": 56,
                "31": 27,
                "32": 28,
                "33": 10,
                "34": 168,
                "35": 82,
                "36": 11
            }
        }
    },
    {
        "route_id": 14,
        "route_item": {
            "0": {
                "0": 83,
                "1": 19,
                "2": 169,
                "3": 148,
                "4": 109,
                "5": 112,
                "6": 145,
                "7": 153,
                "8": 6,
                "9": 165,
                "10": 86,
                "11": 49,
                "12": 88,
                "13": 5,
                "14": 172,
                "15": 7,
                "16": 110,
                "17": 117,
                "18": 161,
                "19": 12,
                "20": 89,
                "21": 15,
                "22": 16,
                "23": 21,
                "24": 52,
                "25": 93,
                "26": 22,
                "27": 26,
                "28": 53,
                "29": 151,
                "30": 17,
                "31": 118,
                "32": 27,
                "33": 29
            },
            "1": {
                "0": 83,
                "1": 19,
                "2": 169,
                "3": 148,
                "4": 109,
                "5": 112,
                "6": 145,
                "7": 153,
                "8": 6,
                "9": 165,
                "10": 86,
                "11": 49,
                "12": 88,
                "13": 5,
                "14": 172,
                "15": 7,
                "16": 110,
                "17": 117,
                "18": 161,
                "19": 12,
                "20": 89,
                "21": 15,
                "22": 16,
                "23": 21,
                "24": 52,
                "25": 93,
                "26": 22,
                "27": 26,
                "28": 53,
                "29": 151,
                "30": 17,
                "31": 118,
                "32": 27,
                "33": 29
            }
        }
    },
    {
        "route_id": 15,
        "route_item": {
            "0": {
                "0": 119,
                "1": 152,
                "2": 83,
                "3": 90,
                "4": 155,
                "5": 170,
                "6": 19,
                "7": 111,
                "8": 30,
                "9": 31,
                "10": 113,
                "11": 54,
                "12": 85,
                "13": 6,
                "14": 24,
                "15": 87,
                "16": 91,
                "17": 32,
                "18": 57,
                "19": 33,
                "20": 149,
                "21": 58,
                "22": 92,
                "23": 9,
                "24": 171,
                "25": 173,
                "26": 120,
                "27": 153,
                "28": 13,
                "29": 14,
                "30": 34,
                "31": 59,
                "32": 121
            },
            "1": {
                "0": 119,
                "1": 152,
                "2": 83,
                "3": 90,
                "4": 155,
                "5": 170,
                "6": 19,
                "7": 111,
                "8": 30,
                "9": 31,
                "10": 113,
                "11": 54,
                "12": 85,
                "13": 6,
                "14": 24,
                "15": 87,
                "16": 91,
                "17": 32,
                "18": 57,
                "19": 33,
                "20": 149,
                "21": 58,
                "22": 92,
                "23": 9,
                "24": 171,
                "25": 173,
                "26": 120,
                "27": 153,
                "28": 13,
                "29": 14,
                "30": 34,
                "31": 59,
                "32": 121
            }
        }
    },
    {
        "route_id": 16,
        "route_item": {
            "0": {
                "0": 10,
                "1": 122,
                "2": 20,
                "3": 174,
                "4": 93,
                "5": 94,
                "6": 116,
                "7": 56,
                "8": 18,
                "9": 22,
                "10": 26,
                "11": 29,
                "12": 30,
                "13": 60,
                "14": 86,
                "15": 150,
                "16": 12,
                "17": 154,
                "18": 16,
                "19": 114,
                "20": 23,
                "21": 35,
                "22": 36,
                "23": 37,
                "24": 175,
                "25": 17,
                "26": 115,
                "27": 53
            },
            "1": {
                "0": 10,
                "1": 122,
                "2": 20,
                "3": 174,
                "4": 93,
                "5": 94,
                "6": 116,
                "7": 56,
                "8": 18,
                "9": 22,
                "10": 26,
                "11": 29,
                "12": 30,
                "13": 60,
                "14": 86,
                "15": 150,
                "16": 12,
                "17": 154,
                "18": 16,
                "19": 114,
                "20": 23,
                "21": 35,
                "22": 36,
                "23": 37,
                "24": 175,
                "25": 17,
                "26": 115,
                "27": 53
            }
        }
    },
    {
        "route_id": 17,
        "route_item": {
            "0": {
                "0": 25,
                "1": 152,
                "2": 61,
                "3": 28,
                "4": 156,
                "5": 87,
                "6": 88,
                "7": 118,
                "8": 18,
                "9": 26,
                "10": 157,
                "11": 119,
                "12": 123
            },
            "1": {
                "0": 25,
                "1": 152,
                "2": 61,
                "3": 28,
                "4": 156,
                "5": 87,
                "6": 88,
                "7": 118,
                "8": 18,
                "9": 26,
                "10": 157,
                "11": 119,
                "12": 123
            }
        }
    },
    {
        "route_id": 18,
        "route_item": {
            "0": {
                "0": 151,
                "1": 89,
                "2": 19,
                "3": 170,
                "4": 21,
                "5": 24,
                "6": 33,
                "7": 34,
                "8": 35,
                "9": 57,
                "10": 54,
                "11": 158
            },
            "1": {
                "0": 151,
                "1": 89,
                "2": 19,
                "3": 170,
                "4": 21,
                "5": 24,
                "6": 33,
                "7": 34,
                "8": 35,
                "9": 57,
                "10": 54,
                "11": 158
            }
        }
    },
    {
        "route_id": 19,
        "route_item": {
            "0": {
                "0": 22,
                "1": 171,
                "2": 113,
                "3": 159,
                "4": 17,
                "5": 121,
                "6": 27,
                "7": 122,
                "8": 55,
                "9": 16,
                "10": 90,
                "11": 23,
                "12": 25,
                "13": 91,
                "14": 20,
                "15": 152,
                "16": 24,
                "17": 172,
                "18": 92,
                "19": 115,
                "20": 58,
                "21": 28,
                "22": 29,
                "23": 153,
                "24": 117,
                "25": 30,
                "26": 31,
                "27": 22,
                "28": 59,
                "29": 160,
                "30": 18
            },
            "1": {
                "0": 22,
                "1": 171,
                "2": 113,
                "3": 159,
                "4": 17,
                "5": 121,
                "6": 27,
                "7": 122,
                "8": 55,
                "9": 16,
                "10": 90,
                "11": 23,
                "12": 25,
                "13": 91,
                "14": 20,
                "15": 152,
                "16": 24,
                "17": 172,
                "18": 92,
                "19": 115,
                "20": 58,
                "21": 28,
                "22": 29,
                "23": 153,
                "24": 117,
                "25": 30,
                "26": 31,
                "27": 22,
                "28": 59,
                "29": 160,
                "30": 18
            }
        }
    },
    {
        "route_id": 20,
        "route_item": {
            "0": {
                "0": 19,
                "1": 93,
                "2": 94,
                "3": 173,
                "4": 53,
                "5": 23,
                "6": 114,
                "7": 60,
                "8": 155,
                "9": 116,
                "10": 118,
                "11": 25,
                "12": 154,
                "13": 17,
                "14": 20,
                "15": 88,
                "16": 56,
                "17": 61,
                "18": 21,
                "19": 174,
                "20": 62,
                "21": 119,
                "22": 92
            },
            "1": {
                "0": 19,
                "1": 93,
                "2": 94,
                "3": 173,
                "4": 53,
                "5": 23,
                "6": 114,
                "7": 60,
                "8": 155,
                "9": 116,
                "10": 118,
                "11": 25,
                "12": 154,
                "13": 17,
                "14": 20,
                "15": 88,
                "16": 56,
                "17": 61,
                "18": 21,
                "19": 174,
                "20": 62,
                "21": 119,
                "22": 92
            }
        }
    },
    {
        "route_id": 21,
        "route_item": {
            "0": {
                "0": 27,
                "1": 156,
                "2": 90,
                "3": 91,
                "4": 120,
                "5": 24,
                "6": 55,
                "7": 22,
                "8": 26,
                "9": 175
            },
            "1": {
                "0": 27,
                "1": 156,
                "2": 90,
                "3": 91,
                "4": 120,
                "5": 24,
                "6": 55,
                "7": 22,
                "8": 26,
                "9": 175
            }
        }
    },
    {
        "route_id": 22,
        "route_item": {
            "0": {
                "0": 31,
                "1": 157,
                "2": 32,
                "3": 63,
                "4": 25,
                "5": 33,
                "6": 34,
                "7": 57,
                "8": 93,
                "9": 94,
                "10": 23,
                "11": 22
            },
            "1": {
                "0": 31,
                "1": 157,
                "2": 32,
                "3": 63,
                "4": 25,
                "5": 33,
                "6": 34,
                "7": 57,
                "8": 93,
                "9": 94,
                "10": 23,
                "11": 22
            }
        }
    }
]