[
    {
        "route_id": 0,
        "route_item": {
            "0": {
                "0": 80,
                "1": 104,
                "2": 45,
                "3": 134,
                "4": 0,
                "5": 46,
                "6": 1,
                "7": 105,
                "8": 47,
                "9": 81,
                "10": 82,
                "11": 167,
                "12": 83,
                "13": 84,
                "14": 48,
                "15": 135,
                "16": 2,
                "17": 144,
                "18": 49,
                "19": 106,
                "20": 168,
                "21": 50,
                "22": 3,
                "23": 136,
                "24": 4,
                "25": 5,
                "26": 85,
                "27": 107,
                "28": 108,
                "29": 109
            },
            "1": {
                "0": 80,
                "1": 104,
                "2": 45,
                "3": 134,
                "4": 0,
                "5": 46,
                "6": 1,
                "7": 105,
                "8": 47,
                "9": 81,
                "10": 82,
                "11": 167,
                "12": 83,
                "13": 84,
                "14": 48,
                "15": 135,
                "16": 2,
                "17": 144,
                "18": 49,
                "19": 106,
                "20": 168,
                "21": 50,
                "22": 3,
                "23": 136,
                "24": 4,
                "25": 5,
                "26": 85,
                "27": 107,
                "28": 108,
                "29": 109
            }
        }
    },
    {
        "route_id": 1,
        "route_item": {
            "0": {
                "0": 51,
                "1": 110,
                "2": 6,
                "3": 145,
                "4": 169,
                "5": 86,
                "6": 52,
                "7": 7,
                "8": 53,
                "9": 8,
                "10": 9,
                "11": 87,
                "12": 170,
                "13": 111,
                "14": 54,
                "15": 137,
                "16": 55,
                "17": 112,
                "18": 10,
                "19": 88,
                "20": 113,
                "21": 56,
                "22": 114,
                "23": 115,
                "24": 116,
                "25": 117,
                "26": 92,
                "27": 171,
                "28": 93,
                "29": 94
            },
            "1": {
                "0": 51,
                "1": 110,
                "2": 6,
                "3": 145,
                "4": 169,
                "5": 86,
                "6": 52,
                "7": 7,
                "8": 53,
                "9": 8,
                "10": 9,
                "11": 87,
                "12": 170,
                "13": 111,
                "14": 54,
                "15": 137,
                "16": 55,
                "17": 112,
                "18": 10,
                "19": 88,
                "20": 113,
                "21": 56,
                "22": 114,
                "23": 115,
                "24": 116,
                "25": 117,
                "26": 92,
                "27": 171,
                "28": 93,
                "29": 94
            }
        }
    },
    {
        "route_id": 2,
        "route_item": {
            "0": {
                "0": 123,
                "1": 95,
                "2": 11,
                "3": 124,
                "4": 57,
                "5": 125,
                "6": 96,
                "7": 12,
                "8": 58,
                "9": 174,
                "10": 80,
                "11": 59,
                "12": 146,
                "13": 138,
                "14": 126,
                "15": 0,
                "16": 175,
                "17": 104,
                "18": 66,
                "19": 97,
                "20": 1,
                "21": 67,
                "22": 176,
                "23": 134,
                "24": 110,
                "25": 127,
                "26": 2,
                "27": 45,
                "28": 177,
                "29": 105,
                "30": 13,
                "31": 3,
                "32": 46,
                "33": 14,
                "34": 4,
                "35": 47,
                "36": 81,
                "37": 108,
                "38": 5,
                "39": 48,
                "40": 167,
                "41": 80,
                "42": 135,
                "43": 7,
                "44": 107,
                "45": 139,
                "46": 49,
                "47": 144,
                "48": 9
            },
            "1": {
                "0": 123,
                "1": 95,
                "2": 11,
                "3": 124,
                "4": 57,
                "5": 125,
                "6": 96,
                "7": 12,
                "8": 58,
                "9": 174,
                "10": 80,
                "11": 59,
                "12": 146,
                "13": 138,
                "14": 126,
                "15": 0,
                "16": 175,
                "17": 104,
                "18": 66,
                "19": 97,
                "20": 1,
                "21": 67,
                "22": 176,
                "23": 134,
                "24": 110,
                "25": 127,
                "26": 2,
                "27": 45,
                "28": 177,
                "29": 105,
                "30": 13,
                "31": 3,
                "32": 46,
                "33": 14,
                "34": 4,
                "35": 47,
                "36": 81,
                "37": 108,
                "38": 5,
                "39": 48,
                "40": 167,
                "41": 80,
                "42": 135,
                "43": 7,
                "44": 107,
                "45": 139,
                "46": 49,
                "47": 144,
                "48": 9
            }
        }
    },
    {
        "route_id": 3,
        "route_item": {
            "0": {
                "0": 50,
                "1": 10,
                "2": 106,
                "3": 51,
                "4": 168,
                "5": 53,
                "6": 109,
                "7": 82,
                "8": 0,
                "9": 169,
                "10": 111,
                "11": 112,
                "12": 83,
                "13": 6,
                "14": 54,
                "15": 136,
                "16": 145,
                "17": 1,
                "18": 113,
                "19": 55,
                "20": 170,
                "21": 56,
                "22": 84,
                "23": 8,
                "24": 110,
                "25": 11,
                "26": 57,
                "27": 3,
                "28": 171,
                "29": 104,
                "30": 58,
                "31": 4,
                "32": 114,
                "33": 12,
                "34": 2,
                "35": 85,
                "36": 134,
                "37": 108,
                "38": 86,
                "39": 45,
                "40": 137,
                "41": 13,
                "42": 7,
                "43": 47,
                "44": 146,
                "45": 145,
                "46": 174,
                "47": 81,
                "48": 105,
                "49": 49
            },
            "1": {
                "0": 50,
                "1": 10,
                "2": 106,
                "3": 51,
                "4": 168,
                "5": 53,
                "6": 109,
                "7": 82,
                "8": 0,
                "9": 169,
                "10": 111,
                "11": 112,
                "12": 83,
                "13": 6,
                "14": 54,
                "15": 136,
                "16": 145,
                "17": 1,
                "18": 113,
                "19": 55,
                "20": 170,
                "21": 56,
                "22": 84,
                "23": 8,
                "24": 110,
                "25": 11,
                "26": 57,
                "27": 3,
                "28": 171,
                "29": 104,
                "30": 58,
                "31": 4,
                "32": 114,
                "33": 12,
                "34": 2,
                "35": 85,
                "36": 134,
                "37": 108,
                "38": 86,
                "39": 45,
                "40": 137,
                "41": 13,
                "42": 7,
                "43": 47,
                "44": 146,
                "45": 145,
                "46": 174,
                "47": 81,
                "48": 105,
                "49": 49
            }
        }
    },
    {
        "route_id": 4,
        "route_item": {
            "0": {
                "0": 106,
                "1": 5,
                "2": 115,
                "3": 9,
                "4": 52,
                "5": 10,
                "6": 66,
                "7": 14,
                "8": 82,
                "9": 50,
                "10": 59,
                "11": 107,
                "12": 15,
                "13": 83,
                "14": 135,
                "15": 87,
                "16": 4,
                "17": 167,
                "18": 109,
                "19": 112,
                "20": 116,
                "21": 8,
                "22": 11,
                "23": 16,
                "24": 51,
                "25": 53,
                "26": 55,
                "27": 168,
                "28": 67,
                "29": 10,
                "30": 108,
                "31": 111,
                "32": 17,
                "33": 24,
                "34": 136,
                "35": 113,
                "36": 12,
                "37": 80,
                "38": 84,
                "39": 46,
                "40": 0,
                "41": 25,
                "42": 26,
                "43": 114
            },
            "1": {
                "0": 106,
                "1": 5,
                "2": 115,
                "3": 9,
                "4": 52,
                "5": 10,
                "6": 66,
                "7": 14,
                "8": 82,
                "9": 50,
                "10": 59,
                "11": 107,
                "12": 15,
                "13": 83,
                "14": 135,
                "15": 87,
                "16": 4,
                "17": 167,
                "18": 109,
                "19": 112,
                "20": 116,
                "21": 8,
                "22": 11,
                "23": 16,
                "24": 51,
                "25": 53,
                "26": 55,
                "27": 168,
                "28": 67,
                "29": 10,
                "30": 108,
                "31": 111,
                "32": 17,
                "33": 24,
                "34": 136,
                "35": 113,
                "36": 12,
                "37": 80,
                "38": 84,
                "39": 46,
                "40": 0,
                "41": 25,
                "42": 26,
                "43": 114
            }
        }
    },
    {
        "route_id": 5,
        "route_item": {
            "0": {
                "0": 27,
                "1": 57,
                "2": 28,
                "3": 144,
                "4": 169,
                "5": 58,
                "6": 85,
                "7": 117,
                "8": 1,
                "9": 66,
                "10": 11,
                "11": 68,
                "12": 138,
                "13": 123,
                "14": 146,
                "15": 14,
                "16": 161,
                "17": 139,
                "18": 15,
                "19": 24,
                "20": 86,
                "21": 115,
                "22": 170,
                "23": 2,
                "24": 88,
                "25": 162,
                "26": 104,
                "27": 110,
                "28": 6,
                "29": 16,
                "30": 48,
                "31": 116,
                "32": 29,
                "33": 56,
                "34": 30,
                "35": 31,
                "36": 81,
                "37": 47,
                "38": 1,
                "39": 124,
                "40": 3,
                "41": 5,
                "42": 171,
                "43": 54,
                "44": 134,
                "45": 0,
                "46": 87,
                "47": 105,
                "48": 137,
                "49": 69,
                "50": 70,
                "51": 92,
                "52": 59,
                "53": 7,
                "54": 52,
                "55": 106,
                "56": 4,
                "57": 80,
                "58": 112
            },
            "1": {
                "0": 27,
                "1": 57,
                "2": 28,
                "3": 144,
                "4": 169,
                "5": 58,
                "6": 85,
                "7": 117,
                "8": 1,
                "9": 66,
                "10": 11,
                "11": 68,
                "12": 138,
                "13": 123,
                "14": 146,
                "15": 14,
                "16": 161,
                "17": 139,
                "18": 15,
                "19": 24,
                "20": 86,
                "21": 115,
                "22": 170,
                "23": 2,
                "24": 88,
                "25": 162,
                "26": 104,
                "27": 110,
                "28": 6,
                "29": 16,
                "30": 48,
                "31": 116,
                "32": 29,
                "33": 56,
                "34": 30,
                "35": 31,
                "36": 81,
                "37": 47,
                "38": 1,
                "39": 124,
                "40": 3,
                "41": 5,
                "42": 171,
                "43": 54,
                "44": 134,
                "45": 0,
                "46": 87,
                "47": 105,
                "48": 137,
                "49": 69,
                "50": 70,
                "51": 92,
                "52": 59,
                "53": 7,
                "54": 52,
                "55": 106,
                "56": 4,
                "57": 80,
                "58": 112
            }
        }
    },
    {
        "route_id": 6,
        "route_item": {
            "0": {
                "0": 174,
                "1": 8,
                "2": 109,
                "3": 46,
                "4": 135,
                "5": 110,
                "6": 113,
                "7": 9,
                "8": 13,
                "9": 17,
                "10": 25,
                "11": 82,
                "12": 142,
                "13": 2,
                "14": 93,
                "15": 5,
                "16": 24,
                "17": 145,
                "18": 164,
                "19": 148,
                "20": 48,
                "21": 50,
                "22": 45,
                "23": 107,
                "24": 10,
                "25": 53,
                "26": 16,
                "27": 167,
                "28": 83,
                "29": 165,
                "30": 7,
                "31": 104,
                "32": 108,
                "33": 1,
                "34": 49,
                "35": 136,
                "36": 3,
                "37": 138,
                "38": 0
            },
            "1": {
                "0": 174,
                "1": 8,
                "2": 109,
                "3": 46,
                "4": 135,
                "5": 110,
                "6": 113,
                "7": 9,
                "8": 13,
                "9": 17,
                "10": 25,
                "11": 82,
                "12": 142,
                "13": 2,
                "14": 93,
                "15": 5,
                "16": 24,
                "17": 145,
                "18": 164,
                "19": 148,
                "20": 48,
                "21": 50,
                "22": 45,
                "23": 107,
                "24": 10,
                "25": 53,
                "26": 16,
                "27": 167,
                "28": 83,
                "29": 165,
                "30": 7,
                "31": 104,
                "32": 108,
                "33": 1,
                "34": 49,
                "35": 136,
                "36": 3,
                "37": 138,
                "38": 0
            }
        }
    },
    {
        "route_id": 7,
        "route_item": {
            "0": {
                "0": 81,
                "1": 51,
                "2": 111,
                "3": 168,
                "4": 6,
                "5": 11,
                "6": 105,
                "7": 54,
                "8": 106,
                "9": 12,
                "10": 14,
                "11": 55,
                "12": 17,
                "13": 84,
                "14": 16,
                "15": 85,
                "16": 56,
                "17": 8,
                "18": 57,
                "19": 9,
                "20": 24,
                "21": 80,
                "22": 134,
                "23": 2,
                "24": 169,
                "25": 86,
                "26": 107,
                "27": 137,
                "28": 110
            },
            "1": {
                "0": 81,
                "1": 51,
                "2": 111,
                "3": 168,
                "4": 6,
                "5": 11,
                "6": 105,
                "7": 54,
                "8": 106,
                "9": 12,
                "10": 14,
                "11": 55,
                "12": 17,
                "13": 84,
                "14": 16,
                "15": 85,
                "16": 56,
                "17": 8,
                "18": 57,
                "19": 9,
                "20": 24,
                "21": 80,
                "22": 134,
                "23": 2,
                "24": 169,
                "25": 86,
                "26": 107,
                "27": 137,
                "28": 110
            }
        }
    },
    {
        "route_id": 8,
        "route_item": {
            "0": {
                "0": 113,
                "1": 144,
                "2": 3,
                "3": 47,
                "4": 52,
                "5": 10,
                "6": 161,
                "7": 109,
                "8": 5,
                "9": 83,
                "10": 162,
                "11": 1,
                "12": 170,
                "13": 104,
                "14": 48,
                "15": 50,
                "16": 58
            },
            "1": {
                "0": 113,
                "1": 144,
                "2": 3,
                "3": 47,
                "4": 52,
                "5": 10,
                "6": 161,
                "7": 109,
                "8": 5,
                "9": 83,
                "10": 162,
                "11": 1,
                "12": 170,
                "13": 104,
                "14": 48,
                "15": 50,
                "16": 58
            }
        }
    },
    {
        "route_id": 9,
        "route_item": {
            "0": {
                "0": 59,
                "1": 4,
                "2": 7,
                "3": 13,
                "4": 135,
                "5": 15,
                "6": 6,
                "7": 82,
                "8": 112,
                "9": 17,
                "10": 106,
                "11": 49,
                "12": 108,
                "13": 53,
                "14": 8,
                "15": 144,
                "16": 167,
                "17": 81
            },
            "1": {
                "0": 59,
                "1": 4,
                "2": 7,
                "3": 13,
                "4": 135,
                "5": 15,
                "6": 6,
                "7": 82,
                "8": 112,
                "9": 17,
                "10": 106,
                "11": 49,
                "12": 108,
                "13": 53,
                "14": 8,
                "15": 144,
                "16": 167,
                "17": 81
            }
        }
    },
    {
        "route_id": 10,
        "route_item": {
            "0": {
                "0": 105,
                "1": 10,
                "2": 9,
                "3": 114,
                "4": 136,
                "5": 115,
                "6": 46,
                "7": 85,
                "8": 11,
                "9": 51,
                "10": 54,
                "11": 139,
                "12": 2,
                "13": 0,
                "14": 84,
                "15": 3,
                "16": 168,
                "17": 107,
                "18": 7,
                "19": 12,
                "20": 45,
                "21": 13
            },
            "1": {
                "0": 105,
                "1": 10,
                "2": 9,
                "3": 114,
                "4": 136,
                "5": 115,
                "6": 46,
                "7": 85,
                "8": 11,
                "9": 51,
                "10": 54,
                "11": 139,
                "12": 2,
                "13": 0,
                "14": 84,
                "15": 3,
                "16": 168,
                "17": 107,
                "18": 7,
                "19": 12,
                "20": 45,
                "21": 13
            }
        }
    },
    {
        "route_id": 11,
        "route_item": {
            "0": {
                "0": 14,
                "1": 110,
                "2": 55,
                "3": 8,
                "4": 86,
                "5": 57,
                "6": 164,
                "7": 169,
                "8": 111,
                "9": 87,
                "10": 1,
                "11": 137,
                "12": 113,
                "13": 15,
                "14": 24,
                "15": 145,
                "16": 112,
                "17": 165,
                "18": 83,
                "19": 52,
                "20": 170,
                "21": 6,
                "22": 4,
                "23": 146,
                "24": 11,
                "25": 50,
                "26": 56,
                "27": 16,
                "28": 105,
                "29": 109,
                "30": 5,
                "31": 82,
                "32": 48,
                "33": 134,
                "34": 116,
                "35": 115,
                "36": 9
            },
            "1": {
                "0": 14,
                "1": 110,
                "2": 55,
                "3": 8,
                "4": 86,
                "5": 57,
                "6": 164,
                "7": 169,
                "8": 111,
                "9": 87,
                "10": 1,
                "11": 137,
                "12": 113,
                "13": 15,
                "14": 24,
                "15": 145,
                "16": 112,
                "17": 165,
                "18": 83,
                "19": 52,
                "20": 170,
                "21": 6,
                "22": 4,
                "23": 146,
                "24": 11,
                "25": 50,
                "26": 56,
                "27": 16,
                "28": 105,
                "29": 109,
                "30": 5,
                "31": 82,
                "32": 48,
                "33": 134,
                "34": 116,
                "35": 115,
                "36": 9
            }
        }
    },
    {
        "route_id": 12,
        "route_item": {
            "0": {
                "0": 171,
                "1": 117,
                "2": 123,
                "3": 125,
                "4": 13,
                "5": 124,
                "6": 88,
                "7": 92,
                "8": 14,
                "9": 25,
                "10": 26,
                "11": 167,
                "12": 49,
                "13": 81,
                "14": 126,
                "15": 135,
                "16": 3,
                "17": 107,
                "18": 51,
                "19": 108,
                "20": 7,
                "21": 10,
                "22": 53,
                "23": 54,
                "24": 27,
                "25": 8,
                "26": 175,
                "27": 84,
                "28": 58,
                "29": 59,
                "30": 16,
                "31": 17,
                "32": 168,
                "33": 15,
                "34": 111,
                "35": 66,
                "36": 144,
                "37": 28,
                "38": 166
            },
            "1": {
                "0": 171,
                "1": 117,
                "2": 123,
                "3": 125,
                "4": 13,
                "5": 124,
                "6": 88,
                "7": 92,
                "8": 14,
                "9": 25,
                "10": 26,
                "11": 167,
                "12": 49,
                "13": 81,
                "14": 126,
                "15": 135,
                "16": 3,
                "17": 107,
                "18": 51,
                "19": 108,
                "20": 7,
                "21": 10,
                "22": 53,
                "23": 54,
                "24": 27,
                "25": 8,
                "26": 175,
                "27": 84,
                "28": 58,
                "29": 59,
                "30": 16,
                "31": 17,
                "32": 168,
                "33": 15,
                "34": 111,
                "35": 66,
                "36": 144,
                "37": 28,
                "38": 166
            }
        }
    },
    {
        "route_id": 13,
        "route_item": {
            "0": {
                "0": 85,
                "1": 136,
                "2": 113,
                "3": 86,
                "4": 26,
                "5": 55,
                "6": 57,
                "7": 110,
                "8": 67,
                "9": 161,
                "10": 11,
                "11": 169,
                "12": 174,
                "13": 87,
                "14": 114,
                "15": 12,
                "16": 29,
                "17": 115,
                "18": 30,
                "19": 68,
                "20": 31,
                "21": 32,
                "22": 24,
                "23": 176,
                "24": 94,
                "25": 127,
                "26": 137,
                "27": 128,
                "28": 93,
                "29": 56,
                "30": 95,
                "31": 146,
                "32": 124,
                "33": 17,
                "34": 69,
                "35": 125,
                "36": 25
            },
            "1": {
                "0": 85,
                "1": 136,
                "2": 113,
                "3": 86,
                "4": 26,
                "5": 55,
                "6": 57,
                "7": 110,
                "8": 67,
                "9": 161,
                "10": 11,
                "11": 169,
                "12": 174,
                "13": 87,
                "14": 114,
                "15": 12,
                "16": 29,
                "17": 115,
                "18": 30,
                "19": 68,
                "20": 31,
                "21": 32,
                "22": 24,
                "23": 176,
                "24": 94,
                "25": 127,
                "26": 137,
                "27": 128,
                "28": 93,
                "29": 56,
                "30": 95,
                "31": 146,
                "32": 124,
                "33": 17,
                "34": 69,
                "35": 125,
                "36": 25
            }
        }
    },
    {
        "route_id": 14,
        "route_item": {
            "0": {
                "0": 96,
                "1": 129,
                "2": 97,
                "3": 27,
                "4": 138,
                "5": 130,
                "6": 98,
                "7": 28,
                "8": 70,
                "9": 170,
                "10": 99,
                "11": 71,
                "12": 145,
                "13": 7,
                "14": 131,
                "15": 10,
                "16": 13,
                "17": 33,
                "18": 132,
                "19": 72,
                "20": 171,
                "21": 100,
                "22": 175,
                "23": 101,
                "24": 116,
                "25": 58,
                "26": 126,
                "27": 73,
                "28": 14,
                "29": 26,
                "30": 139,
                "31": 31,
                "32": 15,
                "33": 57
            },
            "1": {
                "0": 96,
                "1": 129,
                "2": 97,
                "3": 27,
                "4": 138,
                "5": 130,
                "6": 98,
                "7": 28,
                "8": 70,
                "9": 170,
                "10": 99,
                "11": 71,
                "12": 145,
                "13": 7,
                "14": 131,
                "15": 10,
                "16": 13,
                "17": 33,
                "18": 132,
                "19": 72,
                "20": 171,
                "21": 100,
                "22": 175,
                "23": 101,
                "24": 116,
                "25": 58,
                "26": 126,
                "27": 73,
                "28": 14,
                "29": 26,
                "30": 139,
                "31": 31,
                "32": 15,
                "33": 57
            }
        }
    },
    {
        "route_id": 15,
        "route_item": {
            "0": {
                "0": 85,
                "1": 11,
                "2": 12,
                "3": 114,
                "4": 74,
                "5": 16,
                "6": 29,
                "7": 32,
                "8": 174,
                "9": 123,
                "10": 24,
                "11": 66,
                "12": 86,
                "13": 142,
                "14": 124,
                "15": 75,
                "16": 33,
                "17": 148,
                "18": 176,
                "19": 87,
                "20": 128,
                "21": 143,
                "22": 130,
                "23": 14,
                "24": 27,
                "25": 76,
                "26": 115,
                "27": 177,
                "28": 88,
                "29": 17,
                "30": 117,
                "31": 69,
                "32": 132
            },
            "1": {
                "0": 85,
                "1": 11,
                "2": 12,
                "3": 114,
                "4": 74,
                "5": 16,
                "6": 29,
                "7": 32,
                "8": 174,
                "9": 123,
                "10": 24,
                "11": 66,
                "12": 86,
                "13": 142,
                "14": 124,
                "15": 75,
                "16": 33,
                "17": 148,
                "18": 176,
                "19": 87,
                "20": 128,
                "21": 143,
                "22": 130,
                "23": 14,
                "24": 27,
                "25": 76,
                "26": 115,
                "27": 177,
                "28": 88,
                "29": 17,
                "30": 117,
                "31": 69,
                "32": 132
            }
        }
    },
    {
        "route_id": 16,
        "route_item": {
            "0": {
                "0": 30,
                "1": 34,
                "2": 35,
                "3": 25,
                "4": 32,
                "5": 70,
                "6": 72,
                "7": 138,
                "8": 149,
                "9": 36,
                "10": 171,
                "11": 123,
                "12": 15,
                "13": 129,
                "14": 67,
                "15": 133,
                "16": 77,
                "17": 16,
                "18": 92,
                "19": 24,
                "20": 28,
                "21": 68,
                "22": 116,
                "23": 174,
                "24": 93,
                "25": 26,
                "26": 178,
                "27": 146
            },
            "1": {
                "0": 30,
                "1": 34,
                "2": 35,
                "3": 25,
                "4": 32,
                "5": 70,
                "6": 72,
                "7": 138,
                "8": 149,
                "9": 36,
                "10": 171,
                "11": 123,
                "12": 15,
                "13": 129,
                "14": 67,
                "15": 133,
                "16": 77,
                "17": 16,
                "18": 92,
                "19": 24,
                "20": 28,
                "21": 68,
                "22": 116,
                "23": 174,
                "24": 93,
                "25": 26,
                "26": 178,
                "27": 146
            }
        }
    },
    {
        "route_id": 17,
        "route_item": {
            "0": {},
            "1": {}
        }
    },
    {
        "route_id": 18,
        "route_item": {
            "0": {},
            "1": {}
        }
    },
    {
        "route_id": 19,
        "route_item": {
            "0": {
                "0": 31,
                "1": 94,
                "2": 117,
                "3": 139,
                "4": 33,
                "5": 127,
                "6": 34,
                "7": 35,
                "8": 29,
                "9": 66,
                "10": 71,
                "11": 73,
                "12": 17,
                "13": 25,
                "14": 88,
                "15": 95,
                "16": 175,
                "17": 179,
                "18": 72,
                "19": 124,
                "20": 125,
                "21": 149,
                "22": 128,
                "23": 130,
                "24": 142,
                "25": 24,
                "26": 26,
                "27": 96,
                "28": 74,
                "29": 75,
                "30": 76
            },
            "1": {
                "0": 31,
                "1": 94,
                "2": 117,
                "3": 139,
                "4": 33,
                "5": 127,
                "6": 34,
                "7": 35,
                "8": 29,
                "9": 66,
                "10": 71,
                "11": 73,
                "12": 17,
                "13": 25,
                "14": 88,
                "15": 95,
                "16": 175,
                "17": 179,
                "18": 72,
                "19": 124,
                "20": 125,
                "21": 149,
                "22": 128,
                "23": 130,
                "24": 142,
                "25": 24,
                "26": 26,
                "27": 96,
                "28": 74,
                "29": 75,
                "30": 76
            }
        }
    },
    {
        "route_id": 20,
        "route_item": {
            "0": {
                "0": 78,
                "1": 32,
                "2": 177,
                "3": 79,
                "4": 123,
                "5": 94,
                "6": 35,
                "7": 138
            },
            "1": {
                "0": 78,
                "1": 32,
                "2": 177,
                "3": 79,
                "4": 123,
                "5": 94,
                "6": 35,
                "7": 138
            }
        }
    },
    {
        "route_id": 21,
        "route_item": {
            "0": {
                "0": 92,
                "1": 93,
                "2": 126,
                "3": 129,
                "4": 27,
                "5": 67,
                "6": 28,
                "7": 29,
                "8": 174,
                "9": 33
            },
            "1": {
                "0": 92,
                "1": 93,
                "2": 126,
                "3": 129,
                "4": 27,
                "5": 67,
                "6": 28,
                "7": 29,
                "8": 174,
                "9": 33
            }
        }
    },
    {
        "route_id": 22,
        "route_item": {
            "0": {
                "0": 68,
                "1": 36,
                "2": 77,
                "3": 69,
                "4": 25,
                "5": 30,
                "6": 88,
                "7": 70,
                "8": 97,
                "9": 24,
                "10": 117,
                "11": 26
            },
            "1": {
                "0": 68,
                "1": 36,
                "2": 77,
                "3": 69,
                "4": 25,
                "5": 30,
                "6": 88,
                "7": 70,
                "8": 97,
                "9": 24,
                "10": 117,
                "11": 26
            }
        }
    }
]