[
    {
        "route_id": 0,
        "route_item": {
            "0": {
                "0": 83,
                "1": 108,
                "2": 50,
                "3": 136,
                "4": 6,
                "5": 51,
                "6": 7,
                "7": 109,
                "8": 52,
                "9": 84,
                "10": 85,
                "11": 168,
                "12": 86,
                "13": 87,
                "14": 53,
                "15": 137,
                "16": 8,
                "17": 145,
                "18": 54,
                "19": 110,
                "20": 169,
                "21": 55,
                "22": 9,
                "23": 138,
                "24": 10,
                "25": 11,
                "26": 88,
                "27": 111,
                "28": 112,
                "29": 113
            },
            "1": {
                "0": 83,
                "1": 108,
                "2": 50,
                "3": 136,
                "4": 6,
                "5": 51,
                "6": 7,
                "7": 109,
                "8": 52,
                "9": 84,
                "10": 85,
                "11": 168,
                "12": 86,
                "13": 87,
                "14": 53,
                "15": 137,
                "16": 8,
                "17": 145,
                "18": 54,
                "19": 110,
                "20": 169,
                "21": 55,
                "22": 9,
                "23": 138,
                "24": 10,
                "25": 11,
                "26": 88,
                "27": 111,
                "28": 112,
                "29": 113
            }
        }
    },
    {
        "route_id": 1,
        "route_item": {
            "0": {
                "0": 56,
                "1": 114,
                "2": 12,
                "3": 146,
                "4": 170,
                "5": 89,
                "6": 57,
                "7": 13,
                "8": 58,
                "9": 14,
                "10": 15,
                "11": 90,
                "12": 171,
                "13": 115,
                "14": 59,
                "15": 139,
                "16": 60,
                "17": 116,
                "18": 16,
                "19": 91,
                "20": 117,
                "21": 61,
                "22": 118,
                "23": 119,
                "24": 120,
                "25": 121,
                "26": 92,
                "27": 172,
                "28": 93,
                "29": 94
            },
            "1": {
                "0": 56,
                "1": 114,
                "2": 12,
                "3": 146,
                "4": 170,
                "5": 89,
                "6": 57,
                "7": 13,
                "8": 58,
                "9": 14,
                "10": 15,
                "11": 90,
                "12": 171,
                "13": 115,
                "14": 59,
                "15": 139,
                "16": 60,
                "17": 116,
                "18": 16,
                "19": 91,
                "20": 117,
                "21": 61,
                "22": 118,
                "23": 119,
                "24": 120,
                "25": 121,
                "26": 92,
                "27": 172,
                "28": 93,
                "29": 94
            }
        }
    },
    {
        "route_id": 2,
        "route_item": {
            "0": {
                "0": 122,
                "1": 95,
                "2": 17,
                "3": 123,
                "4": 62,
                "5": 124,
                "6": 96,
                "7": 18,
                "8": 63,
                "9": 173,
                "10": 83,
                "11": 64,
                "12": 147,
                "13": 140,
                "14": 125,
                "15": 6,
                "16": 174,
                "17": 108,
                "18": 65,
                "19": 97,
                "20": 7,
                "21": 66,
                "22": 175,
                "23": 136,
                "24": 114,
                "25": 126,
                "26": 8,
                "27": 50,
                "28": 176,
                "29": 109,
                "30": 19,
                "31": 9,
                "32": 51,
                "33": 20,
                "34": 10,
                "35": 52,
                "36": 84,
                "37": 112,
                "38": 11,
                "39": 53,
                "40": 168,
                "41": 83,
                "42": 137,
                "43": 13,
                "44": 111,
                "45": 141,
                "46": 54,
                "47": 145,
                "48": 15
            },
            "1": {
                "0": 122,
                "1": 95,
                "2": 17,
                "3": 123,
                "4": 62,
                "5": 124,
                "6": 96,
                "7": 18,
                "8": 63,
                "9": 173,
                "10": 83,
                "11": 64,
                "12": 147,
                "13": 140,
                "14": 125,
                "15": 6,
                "16": 174,
                "17": 108,
                "18": 65,
                "19": 97,
                "20": 7,
                "21": 66,
                "22": 175,
                "23": 136,
                "24": 114,
                "25": 126,
                "26": 8,
                "27": 50,
                "28": 176,
                "29": 109,
                "30": 19,
                "31": 9,
                "32": 51,
                "33": 20,
                "34": 10,
                "35": 52,
                "36": 84,
                "37": 112,
                "38": 11,
                "39": 53,
                "40": 168,
                "41": 83,
                "42": 137,
                "43": 13,
                "44": 111,
                "45": 141,
                "46": 54,
                "47": 145,
                "48": 15
            }
        }
    },
    {
        "route_id": 3,
        "route_item": {
            "0": {
                "0": 55,
                "1": 16,
                "2": 110,
                "3": 56,
                "4": 169,
                "5": 58,
                "6": 113,
                "7": 85,
                "8": 6,
                "9": 170,
                "10": 115,
                "11": 116,
                "12": 86,
                "13": 12,
                "14": 59,
                "15": 138,
                "16": 146,
                "17": 7,
                "18": 117,
                "19": 60,
                "20": 171,
                "21": 61,
                "22": 87,
                "23": 14,
                "24": 114,
                "25": 17,
                "26": 62,
                "27": 9,
                "28": 172,
                "29": 108,
                "30": 63,
                "31": 10,
                "32": 118,
                "33": 18,
                "34": 8,
                "35": 88,
                "36": 136,
                "37": 112,
                "38": 89,
                "39": 50,
                "40": 139,
                "41": 19,
                "42": 13,
                "43": 52,
                "44": 147,
                "45": 146,
                "46": 173,
                "47": 84,
                "48": 109,
                "49": 54
            },
            "1": {
                "0": 55,
                "1": 16,
                "2": 110,
                "3": 56,
                "4": 169,
                "5": 58,
                "6": 113,
                "7": 85,
                "8": 6,
                "9": 170,
                "10": 115,
                "11": 116,
                "12": 86,
                "13": 12,
                "14": 59,
                "15": 138,
                "16": 146,
                "17": 7,
                "18": 117,
                "19": 60,
                "20": 171,
                "21": 61,
                "22": 87,
                "23": 14,
                "24": 114,
                "25": 17,
                "26": 62,
                "27": 9,
                "28": 172,
                "29": 108,
                "30": 63,
                "31": 10,
                "32": 118,
                "33": 18,
                "34": 8,
                "35": 88,
                "36": 136,
                "37": 112,
                "38": 89,
                "39": 50,
                "40": 139,
                "41": 19,
                "42": 13,
                "43": 52,
                "44": 147,
                "45": 146,
                "46": 173,
                "47": 84,
                "48": 109,
                "49": 54
            }
        }
    },
    {
        "route_id": 4,
        "route_item": {
            "0": {
                "0": 110,
                "1": 11,
                "2": 119,
                "3": 15,
                "4": 57,
                "5": 16,
                "6": 65,
                "7": 20,
                "8": 85,
                "9": 55,
                "10": 64,
                "11": 111,
                "12": 21,
                "13": 86,
                "14": 137,
                "15": 90,
                "16": 10,
                "17": 168,
                "18": 113,
                "19": 116,
                "20": 120,
                "21": 14,
                "22": 17,
                "23": 22,
                "24": 56,
                "25": 58,
                "26": 60,
                "27": 169,
                "28": 66,
                "29": 16,
                "30": 112,
                "31": 115,
                "32": 23,
                "33": 24,
                "34": 138,
                "35": 117,
                "36": 18,
                "37": 83,
                "38": 87,
                "39": 51,
                "40": 6,
                "41": 25,
                "42": 26,
                "43": 118
            },
            "1": {
                "0": 110,
                "1": 11,
                "2": 119,
                "3": 15,
                "4": 57,
                "5": 16,
                "6": 65,
                "7": 20,
                "8": 85,
                "9": 55,
                "10": 64,
                "11": 111,
                "12": 21,
                "13": 86,
                "14": 137,
                "15": 90,
                "16": 10,
                "17": 168,
                "18": 113,
                "19": 116,
                "20": 120,
                "21": 14,
                "22": 17,
                "23": 22,
                "24": 56,
                "25": 58,
                "26": 60,
                "27": 169,
                "28": 66,
                "29": 16,
                "30": 112,
                "31": 115,
                "32": 23,
                "33": 24,
                "34": 138,
                "35": 117,
                "36": 18,
                "37": 83,
                "38": 87,
                "39": 51,
                "40": 6,
                "41": 25,
                "42": 26,
                "43": 118
            }
        }
    },
    {
        "route_id": 5,
        "route_item": {
            "0": {
                "0": 27,
                "1": 62,
                "2": 28,
                "3": 145,
                "4": 170,
                "5": 63,
                "6": 88,
                "7": 121,
                "8": 7,
                "9": 65,
                "10": 17,
                "11": 67,
                "12": 140,
                "13": 122,
                "14": 147,
                "15": 20,
                "16": 161,
                "17": 141,
                "18": 21,
                "19": 24,
                "20": 89,
                "21": 119,
                "22": 171,
                "23": 8,
                "24": 91,
                "25": 162,
                "26": 108,
                "27": 114,
                "28": 12,
                "29": 22,
                "30": 53,
                "31": 120,
                "32": 29,
                "33": 61,
                "34": 30,
                "35": 31,
                "36": 84,
                "37": 52,
                "38": 7,
                "39": 123,
                "40": 9,
                "41": 11,
                "42": 172,
                "43": 59,
                "44": 136,
                "45": 6,
                "46": 90,
                "47": 109,
                "48": 139,
                "49": 68,
                "50": 69,
                "51": 92,
                "52": 64,
                "53": 13,
                "54": 57,
                "55": 110,
                "56": 10,
                "57": 83,
                "58": 116
            },
            "1": {
                "0": 27,
                "1": 62,
                "2": 28,
                "3": 145,
                "4": 170,
                "5": 63,
                "6": 88,
                "7": 121,
                "8": 7,
                "9": 65,
                "10": 17,
                "11": 67,
                "12": 140,
                "13": 122,
                "14": 147,
                "15": 20,
                "16": 161,
                "17": 141,
                "18": 21,
                "19": 24,
                "20": 89,
                "21": 119,
                "22": 171,
                "23": 8,
                "24": 91,
                "25": 162,
                "26": 108,
                "27": 114,
                "28": 12,
                "29": 22,
                "30": 53,
                "31": 120,
                "32": 29,
                "33": 61,
                "34": 30,
                "35": 31,
                "36": 84,
                "37": 52,
                "38": 7,
                "39": 123,
                "40": 9,
                "41": 11,
                "42": 172,
                "43": 59,
                "44": 136,
                "45": 6,
                "46": 90,
                "47": 109,
                "48": 139,
                "49": 68,
                "50": 69,
                "51": 92,
                "52": 64,
                "53": 13,
                "54": 57,
                "55": 110,
                "56": 10,
                "57": 83,
                "58": 116
            }
        }
    },
    {
        "route_id": 6,
        "route_item": {
            "0": {
                "0": 173,
                "1": 14,
                "2": 113,
                "3": 51,
                "4": 137,
                "5": 114,
                "6": 117,
                "7": 15,
                "8": 19,
                "9": 23,
                "10": 25,
                "11": 85,
                "12": 142,
                "13": 8,
                "14": 93,
                "15": 11,
                "16": 24,
                "17": 146,
                "18": 163,
                "19": 148,
                "20": 53,
                "21": 55,
                "22": 50,
                "23": 111,
                "24": 16,
                "25": 58,
                "26": 22,
                "27": 168,
                "28": 86,
                "29": 164,
                "30": 13,
                "31": 108,
                "32": 112,
                "33": 7,
                "34": 54,
                "35": 138,
                "36": 9,
                "37": 140,
                "38": 6
            },
            "1": {
                "0": 173,
                "1": 14,
                "2": 113,
                "3": 51,
                "4": 137,
                "5": 114,
                "6": 117,
                "7": 15,
                "8": 19,
                "9": 23,
                "10": 25,
                "11": 85,
                "12": 142,
                "13": 8,
                "14": 93,
                "15": 11,
                "16": 24,
                "17": 146,
                "18": 163,
                "19": 148,
                "20": 53,
                "21": 55,
                "22": 50,
                "23": 111,
                "24": 16,
                "25": 58,
                "26": 22,
                "27": 168,
                "28": 86,
                "29": 164,
                "30": 13,
                "31": 108,
                "32": 112,
                "33": 7,
                "34": 54,
                "35": 138,
                "36": 9,
                "37": 140,
                "38": 6
            }
        }
    },
    {
        "route_id": 7,
        "route_item": {
            "0": {
                "0": 84,
                "1": 56,
                "2": 115,
                "3": 169,
                "4": 12,
                "5": 17,
                "6": 109,
                "7": 59,
                "8": 110,
                "9": 18,
                "10": 20,
                "11": 60,
                "12": 23,
                "13": 87,
                "14": 22,
                "15": 88,
                "16": 61,
                "17": 14,
                "18": 62,
                "19": 15,
                "20": 24,
                "21": 83,
                "22": 136,
                "23": 8,
                "24": 170,
                "25": 89,
                "26": 111,
                "27": 139,
                "28": 114
            },
            "1": {
                "0": 84,
                "1": 56,
                "2": 115,
                "3": 169,
                "4": 12,
                "5": 17,
                "6": 109,
                "7": 59,
                "8": 110,
                "9": 18,
                "10": 20,
                "11": 60,
                "12": 23,
                "13": 87,
                "14": 22,
                "15": 88,
                "16": 61,
                "17": 14,
                "18": 62,
                "19": 15,
                "20": 24,
                "21": 83,
                "22": 136,
                "23": 8,
                "24": 170,
                "25": 89,
                "26": 111,
                "27": 139,
                "28": 114
            }
        }
    },
    {
        "route_id": 8,
        "route_item": {
            "0": {
                "0": 117,
                "1": 145,
                "2": 9,
                "3": 52,
                "4": 57,
                "5": 16,
                "6": 161,
                "7": 113,
                "8": 11,
                "9": 86,
                "10": 162,
                "11": 7,
                "12": 171,
                "13": 108,
                "14": 53,
                "15": 55,
                "16": 63
            },
            "1": {
                "0": 117,
                "1": 145,
                "2": 9,
                "3": 52,
                "4": 57,
                "5": 16,
                "6": 161,
                "7": 113,
                "8": 11,
                "9": 86,
                "10": 162,
                "11": 7,
                "12": 171,
                "13": 108,
                "14": 53,
                "15": 55,
                "16": 63
            }
        }
    },
    {
        "route_id": 9,
        "route_item": {
            "0": {
                "0": 64,
                "1": 10,
                "2": 13,
                "3": 19,
                "4": 137,
                "5": 21,
                "6": 12,
                "7": 85,
                "8": 116,
                "9": 23,
                "10": 110,
                "11": 54,
                "12": 112,
                "13": 58,
                "14": 14,
                "15": 145,
                "16": 168,
                "17": 84
            },
            "1": {
                "0": 64,
                "1": 10,
                "2": 13,
                "3": 19,
                "4": 137,
                "5": 21,
                "6": 12,
                "7": 85,
                "8": 116,
                "9": 23,
                "10": 110,
                "11": 54,
                "12": 112,
                "13": 58,
                "14": 14,
                "15": 145,
                "16": 168,
                "17": 84
            }
        }
    },
    {
        "route_id": 10,
        "route_item": {
            "0": {
                "0": 109,
                "1": 16,
                "2": 15,
                "3": 118,
                "4": 138,
                "5": 119,
                "6": 51,
                "7": 88,
                "8": 17,
                "9": 56,
                "10": 59,
                "11": 141,
                "12": 8,
                "13": 6,
                "14": 87,
                "15": 9,
                "16": 169,
                "17": 111,
                "18": 13,
                "19": 18,
                "20": 50,
                "21": 19
            },
            "1": {
                "0": 109,
                "1": 16,
                "2": 15,
                "3": 118,
                "4": 138,
                "5": 119,
                "6": 51,
                "7": 88,
                "8": 17,
                "9": 56,
                "10": 59,
                "11": 141,
                "12": 8,
                "13": 6,
                "14": 87,
                "15": 9,
                "16": 169,
                "17": 111,
                "18": 13,
                "19": 18,
                "20": 50,
                "21": 19
            }
        }
    },
    {
        "route_id": 11,
        "route_item": {
            "0": {
                "0": 20,
                "1": 114,
                "2": 60,
                "3": 14,
                "4": 89,
                "5": 62,
                "6": 163,
                "7": 170,
                "8": 115,
                "9": 90,
                "10": 7,
                "11": 139,
                "12": 117,
                "13": 21,
                "14": 24,
                "15": 146,
                "16": 116,
                "17": 164,
                "18": 86,
                "19": 57,
                "20": 171,
                "21": 12,
                "22": 10,
                "23": 147,
                "24": 17,
                "25": 55,
                "26": 61,
                "27": 22,
                "28": 109,
                "29": 113,
                "30": 11,
                "31": 85,
                "32": 53,
                "33": 136,
                "34": 120,
                "35": 119,
                "36": 15
            },
            "1": {
                "0": 20,
                "1": 114,
                "2": 60,
                "3": 14,
                "4": 89,
                "5": 62,
                "6": 163,
                "7": 170,
                "8": 115,
                "9": 90,
                "10": 7,
                "11": 139,
                "12": 117,
                "13": 21,
                "14": 24,
                "15": 146,
                "16": 116,
                "17": 164,
                "18": 86,
                "19": 57,
                "20": 171,
                "21": 12,
                "22": 10,
                "23": 147,
                "24": 17,
                "25": 55,
                "26": 61,
                "27": 22,
                "28": 109,
                "29": 113,
                "30": 11,
                "31": 85,
                "32": 53,
                "33": 136,
                "34": 120,
                "35": 119,
                "36": 15
            }
        }
    },
    {
        "route_id": 12,
        "route_item": {
            "0": {
                "0": 172,
                "1": 121,
                "2": 122,
                "3": 124,
                "4": 19,
                "5": 123,
                "6": 91,
                "7": 92,
                "8": 20,
                "9": 25,
                "10": 26,
                "11": 168,
                "12": 54,
                "13": 84,
                "14": 125,
                "15": 137,
                "16": 9,
                "17": 111,
                "18": 56,
                "19": 112,
                "20": 13,
                "21": 16,
                "22": 58,
                "23": 59,
                "24": 27,
                "25": 14,
                "26": 174,
                "27": 87,
                "28": 63,
                "29": 64,
                "30": 22,
                "31": 23,
                "32": 169,
                "33": 21,
                "34": 115,
                "35": 65,
                "36": 145,
                "37": 28,
                "38": 165
            },
            "1": {
                "0": 172,
                "1": 121,
                "2": 122,
                "3": 124,
                "4": 19,
                "5": 123,
                "6": 91,
                "7": 92,
                "8": 20,
                "9": 25,
                "10": 26,
                "11": 168,
                "12": 54,
                "13": 84,
                "14": 125,
                "15": 137,
                "16": 9,
                "17": 111,
                "18": 56,
                "19": 112,
                "20": 13,
                "21": 16,
                "22": 58,
                "23": 59,
                "24": 27,
                "25": 14,
                "26": 174,
                "27": 87,
                "28": 63,
                "29": 64,
                "30": 22,
                "31": 23,
                "32": 169,
                "33": 21,
                "34": 115,
                "35": 65,
                "36": 145,
                "37": 28,
                "38": 165
            }
        }
    },
    {
        "route_id": 13,
        "route_item": {
            "0": {
                "0": 88,
                "1": 138,
                "2": 117,
                "3": 89,
                "4": 26,
                "5": 60,
                "6": 62,
                "7": 114,
                "8": 66,
                "9": 161,
                "10": 17,
                "11": 170,
                "12": 173,
                "13": 90,
                "14": 118,
                "15": 18,
                "16": 29,
                "17": 119,
                "18": 30,
                "19": 67,
                "20": 31,
                "21": 32,
                "22": 24,
                "23": 175,
                "24": 94,
                "25": 126,
                "26": 139,
                "27": 127,
                "28": 93,
                "29": 61,
                "30": 95,
                "31": 147,
                "32": 123,
                "33": 23,
                "34": 68,
                "35": 124,
                "36": 25
            },
            "1": {
                "0": 88,
                "1": 138,
                "2": 117,
                "3": 89,
                "4": 26,
                "5": 60,
                "6": 62,
                "7": 114,
                "8": 66,
                "9": 161,
                "10": 17,
                "11": 170,
                "12": 173,
                "13": 90,
                "14": 118,
                "15": 18,
                "16": 29,
                "17": 119,
                "18": 30,
                "19": 67,
                "20": 31,
                "21": 32,
                "22": 24,
                "23": 175,
                "24": 94,
                "25": 126,
                "26": 139,
                "27": 127,
                "28": 93,
                "29": 61,
                "30": 95,
                "31": 147,
                "32": 123,
                "33": 23,
                "34": 68,
                "35": 124,
                "36": 25
            }
        }
    },
    {
        "route_id": 14,
        "route_item": {
            "0": {
                "0": 96,
                "1": 128,
                "2": 97,
                "3": 27,
                "4": 140,
                "5": 129,
                "6": 98,
                "7": 28,
                "8": 69,
                "9": 171,
                "10": 99,
                "11": 70,
                "12": 146,
                "13": 13,
                "14": 130,
                "15": 16,
                "16": 19,
                "17": 33,
                "18": 131,
                "19": 71,
                "20": 172,
                "21": 100,
                "22": 174,
                "23": 101,
                "24": 120,
                "25": 63,
                "26": 125,
                "27": 72,
                "28": 20,
                "29": 26,
                "30": 141,
                "31": 31,
                "32": 21,
                "33": 62
            },
            "1": {
                "0": 96,
                "1": 128,
                "2": 97,
                "3": 27,
                "4": 140,
                "5": 129,
                "6": 98,
                "7": 28,
                "8": 69,
                "9": 171,
                "10": 99,
                "11": 70,
                "12": 146,
                "13": 13,
                "14": 130,
                "15": 16,
                "16": 19,
                "17": 33,
                "18": 131,
                "19": 71,
                "20": 172,
                "21": 100,
                "22": 174,
                "23": 101,
                "24": 120,
                "25": 63,
                "26": 125,
                "27": 72,
                "28": 20,
                "29": 26,
                "30": 141,
                "31": 31,
                "32": 21,
                "33": 62
            }
        }
    },
    {
        "route_id": 15,
        "route_item": {
            "0": {
                "0": 88,
                "1": 17,
                "2": 18,
                "3": 118,
                "4": 73,
                "5": 22,
                "6": 29,
                "7": 32,
                "8": 173,
                "9": 122,
                "10": 24,
                "11": 65,
                "12": 89,
                "13": 142,
                "14": 123,
                "15": 74,
                "16": 33,
                "17": 148,
                "18": 175,
                "19": 90,
                "20": 127,
                "21": 143,
                "22": 129,
                "23": 20,
                "24": 27,
                "25": 75,
                "26": 119,
                "27": 176,
                "28": 91,
                "29": 23,
                "30": 121,
                "31": 68,
                "32": 131
            },
            "1": {
                "0": 88,
                "1": 17,
                "2": 18,
                "3": 118,
                "4": 73,
                "5": 22,
                "6": 29,
                "7": 32,
                "8": 173,
                "9": 122,
                "10": 24,
                "11": 65,
                "12": 89,
                "13": 142,
                "14": 123,
                "15": 74,
                "16": 33,
                "17": 148,
                "18": 175,
                "19": 90,
                "20": 127,
                "21": 143,
                "22": 129,
                "23": 20,
                "24": 27,
                "25": 75,
                "26": 119,
                "27": 176,
                "28": 91,
                "29": 23,
                "30": 121,
                "31": 68,
                "32": 131
            }
        }
    },
    {
        "route_id": 16,
        "route_item": {
            "0": {
                "0": 30,
                "1": 34,
                "2": 35,
                "3": 25,
                "4": 32,
                "5": 69,
                "6": 71,
                "7": 140,
                "8": 149,
                "9": 36,
                "10": 172,
                "11": 122,
                "12": 21,
                "13": 128,
                "14": 66,
                "15": 132,
                "16": 76,
                "17": 22,
                "18": 92,
                "19": 24,
                "20": 28,
                "21": 67,
                "22": 120,
                "23": 173,
                "24": 93,
                "25": 26,
                "26": 177,
                "27": 147
            },
            "1": {
                "0": 30,
                "1": 34,
                "2": 35,
                "3": 25,
                "4": 32,
                "5": 69,
                "6": 71,
                "7": 140,
                "8": 149,
                "9": 36,
                "10": 172,
                "11": 122,
                "12": 21,
                "13": 128,
                "14": 66,
                "15": 132,
                "16": 76,
                "17": 22,
                "18": 92,
                "19": 24,
                "20": 28,
                "21": 67,
                "22": 120,
                "23": 173,
                "24": 93,
                "25": 26,
                "26": 177,
                "27": 147
            }
        }
    },
    {
        "route_id": 17,
        "route_item": {
            "0": {},
            "1": {}
        }
    },
    {
        "route_id": 18,
        "route_item": {
            "0": {},
            "1": {}
        }
    },
    {
        "route_id": 19,
        "route_item": {
            "0": {
                "0": 31,
                "1": 94,
                "2": 121,
                "3": 141,
                "4": 33,
                "5": 126,
                "6": 34,
                "7": 35,
                "8": 29,
                "9": 65,
                "10": 70,
                "11": 72,
                "12": 23,
                "13": 25,
                "14": 91,
                "15": 95,
                "16": 174,
                "17": 178,
                "18": 71,
                "19": 123,
                "20": 124,
                "21": 149,
                "22": 127,
                "23": 129,
                "24": 142,
                "25": 24,
                "26": 26,
                "27": 96,
                "28": 73,
                "29": 74,
                "30": 75
            },
            "1": {
                "0": 31,
                "1": 94,
                "2": 121,
                "3": 141,
                "4": 33,
                "5": 126,
                "6": 34,
                "7": 35,
                "8": 29,
                "9": 65,
                "10": 70,
                "11": 72,
                "12": 23,
                "13": 25,
                "14": 91,
                "15": 95,
                "16": 174,
                "17": 178,
                "18": 71,
                "19": 123,
                "20": 124,
                "21": 149,
                "22": 127,
                "23": 129,
                "24": 142,
                "25": 24,
                "26": 26,
                "27": 96,
                "28": 73,
                "29": 74,
                "30": 75
            }
        }
    },
    {
        "route_id": 20,
        "route_item": {
            "0": {
                "0": 77,
                "1": 32,
                "2": 176,
                "3": 78,
                "4": 122,
                "5": 94,
                "6": 35,
                "7": 140
            },
            "1": {
                "0": 77,
                "1": 32,
                "2": 176,
                "3": 78,
                "4": 122,
                "5": 94,
                "6": 35,
                "7": 140
            }
        }
    },
    {
        "route_id": 21,
        "route_item": {
            "0": {
                "0": 92,
                "1": 93,
                "2": 125,
                "3": 128,
                "4": 27,
                "5": 66,
                "6": 28,
                "7": 29,
                "8": 173,
                "9": 33
            },
            "1": {
                "0": 92,
                "1": 93,
                "2": 125,
                "3": 128,
                "4": 27,
                "5": 66,
                "6": 28,
                "7": 29,
                "8": 173,
                "9": 33
            }
        }
    },
    {
        "route_id": 22,
        "route_item": {
            "0": {
                "0": 67,
                "1": 36,
                "2": 76,
                "3": 68,
                "4": 25,
                "5": 30,
                "6": 91,
                "7": 69,
                "8": 97,
                "9": 24,
                "10": 121,
                "11": 26
            },
            "1": {
                "0": 67,
                "1": 36,
                "2": 76,
                "3": 68,
                "4": 25,
                "5": 30,
                "6": 91,
                "7": 69,
                "8": 97,
                "9": 24,
                "10": 121,
                "11": 26
            }
        }
    }
]