[
    {
        "route_id": 0,
        "route_item": {
            "0": {
                "0": 80,
                "1": 104,
                "2": 45,
                "3": 134,
                "4": 0,
                "5": 46,
                "6": 1,
                "7": 105,
                "8": 47,
                "9": 81,
                "10": 82,
                "11": 167,
                "12": 83,
                "13": 84,
                "14": 48,
                "15": 135,
                "16": 2,
                "17": 144,
                "18": 49,
                "19": 106,
                "20": 168,
                "21": 50,
                "22": 3,
                "23": 136,
                "24": 4,
                "25": 5,
                "26": 85,
                "27": 107,
                "28": 108,
                "29": 109
            },
            "1": {
                "0": 80,
                "1": 104,
                "2": 45,
                "3": 134,
                "4": 0,
                "5": 46,
                "6": 1,
                "7": 105,
                "8": 47,
                "9": 81,
                "10": 82,
                "11": 167,
                "12": 83,
                "13": 84,
                "14": 48,
                "15": 135,
                "16": 2,
                "17": 144,
                "18": 49,
                "19": 106,
                "20": 168,
                "21": 50,
                "22": 3,
                "23": 136,
                "24": 4,
                "25": 5,
                "26": 85,
                "27": 107,
                "28": 108,
                "29": 109
            }
        }
    },
    {
        "route_id": 1,
        "route_item": {
            "0": {
                "0": 51,
                "1": 110,
                "2": 6,
                "3": 145,
                "4": 169,
                "5": 89,
                "6": 52,
                "7": 7,
                "8": 53,
                "9": 8,
                "10": 9,
                "11": 90,
                "12": 172,
                "13": 111,
                "14": 54,
                "15": 137,
                "16": 60,
                "17": 112,
                "18": 10,
                "19": 91,
                "20": 118,
                "21": 61,
                "22": 119,
                "23": 120,
                "24": 121,
                "25": 122,
                "26": 92,
                "27": 173,
                "28": 93,
                "29": 94
            },
            "1": {
                "0": 51,
                "1": 110,
                "2": 6,
                "3": 145,
                "4": 169,
                "5": 89,
                "6": 52,
                "7": 7,
                "8": 53,
                "9": 8,
                "10": 9,
                "11": 90,
                "12": 172,
                "13": 111,
                "14": 54,
                "15": 137,
                "16": 60,
                "17": 112,
                "18": 10,
                "19": 91,
                "20": 118,
                "21": 61,
                "22": 119,
                "23": 120,
                "24": 121,
                "25": 122,
                "26": 92,
                "27": 173,
                "28": 93,
                "29": 94
            }
        }
    },
    {
        "route_id": 2,
        "route_item": {
            "0": {
                "0": 123,
                "1": 95,
                "2": 11,
                "3": 124,
                "4": 62,
                "5": 125,
                "6": 96,
                "7": 18,
                "8": 63,
                "9": 174,
                "10": 80,
                "11": 64,
                "12": 147,
                "13": 140,
                "14": 126,
                "15": 0,
                "16": 175,
                "17": 104,
                "18": 65,
                "19": 97,
                "20": 1,
                "21": 66,
                "22": 176,
                "23": 134,
                "24": 110,
                "25": 127,
                "26": 2,
                "27": 45,
                "28": 177,
                "29": 105,
                "30": 19,
                "31": 3,
                "32": 46,
                "33": 20,
                "34": 4,
                "35": 47,
                "36": 81,
                "37": 108,
                "38": 5,
                "39": 48,
                "40": 167,
                "41": 80,
                "42": 135,
                "43": 7,
                "44": 107,
                "45": 141,
                "46": 49,
                "47": 144,
                "48": 9
            },
            "1": {
                "0": 123,
                "1": 95,
                "2": 11,
                "3": 124,
                "4": 62,
                "5": 125,
                "6": 96,
                "7": 18,
                "8": 63,
                "9": 174,
                "10": 80,
                "11": 64,
                "12": 147,
                "13": 140,
                "14": 126,
                "15": 0,
                "16": 175,
                "17": 104,
                "18": 65,
                "19": 97,
                "20": 1,
                "21": 66,
                "22": 176,
                "23": 134,
                "24": 110,
                "25": 127,
                "26": 2,
                "27": 45,
                "28": 177,
                "29": 105,
                "30": 19,
                "31": 3,
                "32": 46,
                "33": 20,
                "34": 4,
                "35": 47,
                "36": 81,
                "37": 108,
                "38": 5,
                "39": 48,
                "40": 167,
                "41": 80,
                "42": 135,
                "43": 7,
                "44": 107,
                "45": 141,
                "46": 49,
                "47": 144,
                "48": 9
            }
        }
    },
    {
        "route_id": 3,
        "route_item": {
            "0": {
                "0": 50,
                "1": 10,
                "2": 106,
                "3": 51,
                "4": 168,
                "5": 53,
                "6": 109,
                "7": 82,
                "8": 0,
                "9": 169,
                "10": 111,
                "11": 112,
                "12": 83,
                "13": 6,
                "14": 54,
                "15": 136,
                "16": 145,
                "17": 1,
                "18": 118,
                "19": 60,
                "20": 172,
                "21": 61,
                "22": 84,
                "23": 8,
                "24": 110,
                "25": 11,
                "26": 62,
                "27": 3,
                "28": 173,
                "29": 104,
                "30": 63,
                "31": 4,
                "32": 119,
                "33": 18,
                "34": 2,
                "35": 85,
                "36": 134,
                "37": 108,
                "38": 89,
                "39": 45,
                "40": 137,
                "41": 19,
                "42": 7,
                "43": 47,
                "44": 147,
                "45": 145,
                "46": 174,
                "47": 81,
                "48": 105,
                "49": 49
            },
            "1": {
                "0": 50,
                "1": 10,
                "2": 106,
                "3": 51,
                "4": 168,
                "5": 53,
                "6": 109,
                "7": 82,
                "8": 0,
                "9": 169,
                "10": 111,
                "11": 112,
                "12": 83,
                "13": 6,
                "14": 54,
                "15": 136,
                "16": 145,
                "17": 1,
                "18": 118,
                "19": 60,
                "20": 172,
                "21": 61,
                "22": 84,
                "23": 8,
                "24": 110,
                "25": 11,
                "26": 62,
                "27": 3,
                "28": 173,
                "29": 104,
                "30": 63,
                "31": 4,
                "32": 119,
                "33": 18,
                "34": 2,
                "35": 85,
                "36": 134,
                "37": 108,
                "38": 89,
                "39": 45,
                "40": 137,
                "41": 19,
                "42": 7,
                "43": 47,
                "44": 147,
                "45": 145,
                "46": 174,
                "47": 81,
                "48": 105,
                "49": 49
            }
        }
    },
    {
        "route_id": 4,
        "route_item": {
            "0": {
                "0": 106,
                "1": 5,
                "2": 120,
                "3": 9,
                "4": 52,
                "5": 10,
                "6": 65,
                "7": 20,
                "8": 82,
                "9": 50,
                "10": 64,
                "11": 107,
                "12": 21,
                "13": 83,
                "14": 135,
                "15": 90,
                "16": 4,
                "17": 167,
                "18": 109,
                "19": 112,
                "20": 121,
                "21": 8,
                "22": 11,
                "23": 22,
                "24": 51,
                "25": 53,
                "26": 60,
                "27": 168,
                "28": 66,
                "29": 10,
                "30": 108,
                "31": 111,
                "32": 23,
                "33": 24,
                "34": 136,
                "35": 118,
                "36": 18,
                "37": 80,
                "38": 84,
                "39": 46,
                "40": 0,
                "41": 25,
                "42": 26,
                "43": 119
            },
            "1": {
                "0": 106,
                "1": 5,
                "2": 120,
                "3": 9,
                "4": 52,
                "5": 10,
                "6": 65,
                "7": 20,
                "8": 82,
                "9": 50,
                "10": 64,
                "11": 107,
                "12": 21,
                "13": 83,
                "14": 135,
                "15": 90,
                "16": 4,
                "17": 167,
                "18": 109,
                "19": 112,
                "20": 121,
                "21": 8,
                "22": 11,
                "23": 22,
                "24": 51,
                "25": 53,
                "26": 60,
                "27": 168,
                "28": 66,
                "29": 10,
                "30": 108,
                "31": 111,
                "32": 23,
                "33": 24,
                "34": 136,
                "35": 118,
                "36": 18,
                "37": 80,
                "38": 84,
                "39": 46,
                "40": 0,
                "41": 25,
                "42": 26,
                "43": 119
            }
        }
    },
    {
        "route_id": 5,
        "route_item": {
            "0": {
                "0": 27,
                "1": 62,
                "2": 28,
                "3": 144,
                "4": 169,
                "5": 63,
                "6": 85,
                "7": 122,
                "8": 1,
                "9": 65,
                "10": 11,
                "11": 67,
                "12": 140,
                "13": 123,
                "14": 147,
                "15": 20,
                "16": 161,
                "17": 141,
                "18": 21,
                "19": 24,
                "20": 89,
                "21": 120,
                "22": 172,
                "23": 2,
                "24": 91,
                "25": 163,
                "26": 104,
                "27": 110,
                "28": 6,
                "29": 22,
                "30": 48,
                "31": 121,
                "32": 29,
                "33": 61,
                "34": 30,
                "35": 31,
                "36": 81,
                "37": 47,
                "38": 1,
                "39": 124,
                "40": 3,
                "41": 5,
                "42": 173,
                "43": 54,
                "44": 134,
                "45": 0,
                "46": 90,
                "47": 105,
                "48": 137,
                "49": 68,
                "50": 69,
                "51": 92,
                "52": 64,
                "53": 7,
                "54": 52,
                "55": 106,
                "56": 4,
                "57": 80,
                "58": 112
            },
            "1": {
                "0": 27,
                "1": 62,
                "2": 28,
                "3": 144,
                "4": 169,
                "5": 63,
                "6": 85,
                "7": 122,
                "8": 1,
                "9": 65,
                "10": 11,
                "11": 67,
                "12": 140,
                "13": 123,
                "14": 147,
                "15": 20,
                "16": 161,
                "17": 141,
                "18": 21,
                "19": 24,
                "20": 89,
                "21": 120,
                "22": 172,
                "23": 2,
                "24": 91,
                "25": 163,
                "26": 104,
                "27": 110,
                "28": 6,
                "29": 22,
                "30": 48,
                "31": 121,
                "32": 29,
                "33": 61,
                "34": 30,
                "35": 31,
                "36": 81,
                "37": 47,
                "38": 1,
                "39": 124,
                "40": 3,
                "41": 5,
                "42": 173,
                "43": 54,
                "44": 134,
                "45": 0,
                "46": 90,
                "47": 105,
                "48": 137,
                "49": 68,
                "50": 69,
                "51": 92,
                "52": 64,
                "53": 7,
                "54": 52,
                "55": 106,
                "56": 4,
                "57": 80,
                "58": 112
            }
        }
    },
    {
        "route_id": 6,
        "route_item": {
            "0": {
                "0": 174,
                "1": 8,
                "2": 109,
                "3": 46,
                "4": 135,
                "5": 110,
                "6": 118,
                "7": 9,
                "8": 19,
                "9": 23,
                "10": 25,
                "11": 82,
                "12": 142,
                "13": 2,
                "14": 93,
                "15": 5,
                "16": 24,
                "17": 145,
                "18": 164,
                "19": 148,
                "20": 48,
                "21": 50,
                "22": 45,
                "23": 107,
                "24": 10,
                "25": 53,
                "26": 22,
                "27": 167,
                "28": 83,
                "29": 165,
                "30": 7,
                "31": 104,
                "32": 108,
                "33": 1,
                "34": 49,
                "35": 136,
                "36": 3,
                "37": 140,
                "38": 0
            },
            "1": {
                "0": 174,
                "1": 8,
                "2": 109,
                "3": 46,
                "4": 135,
                "5": 110,
                "6": 118,
                "7": 9,
                "8": 19,
                "9": 23,
                "10": 25,
                "11": 82,
                "12": 142,
                "13": 2,
                "14": 93,
                "15": 5,
                "16": 24,
                "17": 145,
                "18": 164,
                "19": 148,
                "20": 48,
                "21": 50,
                "22": 45,
                "23": 107,
                "24": 10,
                "25": 53,
                "26": 22,
                "27": 167,
                "28": 83,
                "29": 165,
                "30": 7,
                "31": 104,
                "32": 108,
                "33": 1,
                "34": 49,
                "35": 136,
                "36": 3,
                "37": 140,
                "38": 0
            }
        }
    },
    {
        "route_id": 7,
        "route_item": {
            "0": {
                "0": 81,
                "1": 51,
                "2": 111,
                "3": 168,
                "4": 6,
                "5": 11,
                "6": 105,
                "7": 54,
                "8": 106,
                "9": 18,
                "10": 20,
                "11": 60,
                "12": 23,
                "13": 84,
                "14": 22,
                "15": 85,
                "16": 61,
                "17": 8,
                "18": 62,
                "19": 9,
                "20": 24,
                "21": 80,
                "22": 134,
                "23": 2,
                "24": 169,
                "25": 89,
                "26": 107,
                "27": 137,
                "28": 110
            },
            "1": {
                "0": 81,
                "1": 51,
                "2": 111,
                "3": 168,
                "4": 6,
                "5": 11,
                "6": 105,
                "7": 54,
                "8": 106,
                "9": 18,
                "10": 20,
                "11": 60,
                "12": 23,
                "13": 84,
                "14": 22,
                "15": 85,
                "16": 61,
                "17": 8,
                "18": 62,
                "19": 9,
                "20": 24,
                "21": 80,
                "22": 134,
                "23": 2,
                "24": 169,
                "25": 89,
                "26": 107,
                "27": 137,
                "28": 110
            }
        }
    },
    {
        "route_id": 8,
        "route_item": {
            "0": {
                "0": 118,
                "1": 144,
                "2": 3,
                "3": 47,
                "4": 52,
                "5": 10,
                "6": 161,
                "7": 109,
                "8": 5,
                "9": 83,
                "10": 163,
                "11": 1,
                "12": 172,
                "13": 104,
                "14": 48,
                "15": 50,
                "16": 63
            },
            "1": {
                "0": 118,
                "1": 144,
                "2": 3,
                "3": 47,
                "4": 52,
                "5": 10,
                "6": 161,
                "7": 109,
                "8": 5,
                "9": 83,
                "10": 163,
                "11": 1,
                "12": 172,
                "13": 104,
                "14": 48,
                "15": 50,
                "16": 63
            }
        }
    },
    {
        "route_id": 9,
        "route_item": {
            "0": {
                "0": 64,
                "1": 4,
                "2": 7,
                "3": 19,
                "4": 135,
                "5": 21,
                "6": 6,
                "7": 82,
                "8": 112,
                "9": 23,
                "10": 106,
                "11": 49,
                "12": 108,
                "13": 53,
                "14": 8,
                "15": 144,
                "16": 167,
                "17": 81
            },
            "1": {
                "0": 64,
                "1": 4,
                "2": 7,
                "3": 19,
                "4": 135,
                "5": 21,
                "6": 6,
                "7": 82,
                "8": 112,
                "9": 23,
                "10": 106,
                "11": 49,
                "12": 108,
                "13": 53,
                "14": 8,
                "15": 144,
                "16": 167,
                "17": 81
            }
        }
    },
    {
        "route_id": 10,
        "route_item": {
            "0": {
                "0": 105,
                "1": 10,
                "2": 9,
                "3": 119,
                "4": 136,
                "5": 120,
                "6": 46,
                "7": 85,
                "8": 11,
                "9": 51,
                "10": 54,
                "11": 141,
                "12": 2,
                "13": 0,
                "14": 84,
                "15": 3,
                "16": 168,
                "17": 107,
                "18": 7,
                "19": 18,
                "20": 45,
                "21": 19
            },
            "1": {
                "0": 105,
                "1": 10,
                "2": 9,
                "3": 119,
                "4": 136,
                "5": 120,
                "6": 46,
                "7": 85,
                "8": 11,
                "9": 51,
                "10": 54,
                "11": 141,
                "12": 2,
                "13": 0,
                "14": 84,
                "15": 3,
                "16": 168,
                "17": 107,
                "18": 7,
                "19": 18,
                "20": 45,
                "21": 19
            }
        }
    },
    {
        "route_id": 11,
        "route_item": {
            "0": {
                "0": 20,
                "1": 110,
                "2": 60,
                "3": 8,
                "4": 89,
                "5": 62,
                "6": 164,
                "7": 169,
                "8": 111,
                "9": 90,
                "10": 1,
                "11": 137,
                "12": 118,
                "13": 21,
                "14": 24,
                "15": 145,
                "16": 112,
                "17": 165,
                "18": 83,
                "19": 52,
                "20": 172,
                "21": 6,
                "22": 4,
                "23": 147,
                "24": 11,
                "25": 50,
                "26": 61,
                "27": 22,
                "28": 105,
                "29": 109,
                "30": 5,
                "31": 82,
                "32": 48,
                "33": 134,
                "34": 121,
                "35": 120,
                "36": 9
            },
            "1": {
                "0": 20,
                "1": 110,
                "2": 60,
                "3": 8,
                "4": 89,
                "5": 62,
                "6": 164,
                "7": 169,
                "8": 111,
                "9": 90,
                "10": 1,
                "11": 137,
                "12": 118,
                "13": 21,
                "14": 24,
                "15": 145,
                "16": 112,
                "17": 165,
                "18": 83,
                "19": 52,
                "20": 172,
                "21": 6,
                "22": 4,
                "23": 147,
                "24": 11,
                "25": 50,
                "26": 61,
                "27": 22,
                "28": 105,
                "29": 109,
                "30": 5,
                "31": 82,
                "32": 48,
                "33": 134,
                "34": 121,
                "35": 120,
                "36": 9
            }
        }
    },
    {
        "route_id": 12,
        "route_item": {
            "0": {
                "0": 173,
                "1": 122,
                "2": 123,
                "3": 125,
                "4": 19,
                "5": 124,
                "6": 91,
                "7": 92,
                "8": 20,
                "9": 25,
                "10": 26,
                "11": 167,
                "12": 49,
                "13": 81,
                "14": 126,
                "15": 135,
                "16": 3,
                "17": 107,
                "18": 51,
                "19": 108,
                "20": 7,
                "21": 10,
                "22": 53,
                "23": 54,
                "24": 27,
                "25": 8,
                "26": 175,
                "27": 84,
                "28": 63,
                "29": 64,
                "30": 22,
                "31": 23,
                "32": 168,
                "33": 21,
                "34": 111,
                "35": 65,
                "36": 144,
                "37": 28,
                "38": 166
            },
            "1": {
                "0": 173,
                "1": 122,
                "2": 123,
                "3": 125,
                "4": 19,
                "5": 124,
                "6": 91,
                "7": 92,
                "8": 20,
                "9": 25,
                "10": 26,
                "11": 167,
                "12": 49,
                "13": 81,
                "14": 126,
                "15": 135,
                "16": 3,
                "17": 107,
                "18": 51,
                "19": 108,
                "20": 7,
                "21": 10,
                "22": 53,
                "23": 54,
                "24": 27,
                "25": 8,
                "26": 175,
                "27": 84,
                "28": 63,
                "29": 64,
                "30": 22,
                "31": 23,
                "32": 168,
                "33": 21,
                "34": 111,
                "35": 65,
                "36": 144,
                "37": 28,
                "38": 166
            }
        }
    },
    {
        "route_id": 13,
        "route_item": {
            "0": {
                "0": 85,
                "1": 136,
                "2": 118,
                "3": 89,
                "4": 26,
                "5": 60,
                "6": 62,
                "7": 110,
                "8": 66,
                "9": 161,
                "10": 11,
                "11": 169,
                "12": 174,
                "13": 90,
                "14": 119,
                "15": 18,
                "16": 29,
                "17": 120,
                "18": 30,
                "19": 67,
                "20": 31,
                "21": 32,
                "22": 24,
                "23": 176,
                "24": 94,
                "25": 127,
                "26": 137,
                "27": 128,
                "28": 93,
                "29": 61,
                "30": 95,
                "31": 147,
                "32": 124,
                "33": 23,
                "34": 68,
                "35": 125,
                "36": 25
            },
            "1": {
                "0": 85,
                "1": 136,
                "2": 118,
                "3": 89,
                "4": 26,
                "5": 60,
                "6": 62,
                "7": 110,
                "8": 66,
                "9": 161,
                "10": 11,
                "11": 169,
                "12": 174,
                "13": 90,
                "14": 119,
                "15": 18,
                "16": 29,
                "17": 120,
                "18": 30,
                "19": 67,
                "20": 31,
                "21": 32,
                "22": 24,
                "23": 176,
                "24": 94,
                "25": 127,
                "26": 137,
                "27": 128,
                "28": 93,
                "29": 61,
                "30": 95,
                "31": 147,
                "32": 124,
                "33": 23,
                "34": 68,
                "35": 125,
                "36": 25
            }
        }
    },
    {
        "route_id": 14,
        "route_item": {
            "0": {
                "0": 96,
                "1": 129,
                "2": 97,
                "3": 27,
                "4": 140,
                "5": 130,
                "6": 98,
                "7": 28,
                "8": 69,
                "9": 172,
                "10": 99,
                "11": 70,
                "12": 145,
                "13": 7,
                "14": 131,
                "15": 10,
                "16": 19,
                "17": 33,
                "18": 132,
                "19": 71,
                "20": 173,
                "21": 100,
                "22": 175,
                "23": 101,
                "24": 121,
                "25": 63,
                "26": 126,
                "27": 72,
                "28": 20,
                "29": 26,
                "30": 141,
                "31": 31,
                "32": 21,
                "33": 62
            },
            "1": {
                "0": 96,
                "1": 129,
                "2": 97,
                "3": 27,
                "4": 140,
                "5": 130,
                "6": 98,
                "7": 28,
                "8": 69,
                "9": 172,
                "10": 99,
                "11": 70,
                "12": 145,
                "13": 7,
                "14": 131,
                "15": 10,
                "16": 19,
                "17": 33,
                "18": 132,
                "19": 71,
                "20": 173,
                "21": 100,
                "22": 175,
                "23": 101,
                "24": 121,
                "25": 63,
                "26": 126,
                "27": 72,
                "28": 20,
                "29": 26,
                "30": 141,
                "31": 31,
                "32": 21,
                "33": 62
            }
        }
    },
    {
        "route_id": 15,
        "route_item": {
            "0": {
                "0": 85,
                "1": 11,
                "2": 18,
                "3": 119,
                "4": 73,
                "5": 22,
                "6": 29,
                "7": 32,
                "8": 174,
                "9": 123,
                "10": 24,
                "11": 65,
                "12": 89,
                "13": 142,
                "14": 124,
                "15": 74,
                "16": 33,
                "17": 148,
                "18": 176,
                "19": 90,
                "20": 128,
                "21": 143,
                "22": 130,
                "23": 20,
                "24": 27,
                "25": 75,
                "26": 120,
                "27": 177,
                "28": 91,
                "29": 23,
                "30": 122,
                "31": 68,
                "32": 132
            },
            "1": {
                "0": 85,
                "1": 11,
                "2": 18,
                "3": 119,
                "4": 73,
                "5": 22,
                "6": 29,
                "7": 32,
                "8": 174,
                "9": 123,
                "10": 24,
                "11": 65,
                "12": 89,
                "13": 142,
                "14": 124,
                "15": 74,
                "16": 33,
                "17": 148,
                "18": 176,
                "19": 90,
                "20": 128,
                "21": 143,
                "22": 130,
                "23": 20,
                "24": 27,
                "25": 75,
                "26": 120,
                "27": 177,
                "28": 91,
                "29": 23,
                "30": 122,
                "31": 68,
                "32": 132
            }
        }
    },
    {
        "route_id": 16,
        "route_item": {
            "0": {
                "0": 30,
                "1": 34,
                "2": 35,
                "3": 25,
                "4": 32,
                "5": 69,
                "6": 71,
                "7": 140,
                "8": 149,
                "9": 36,
                "10": 173,
                "11": 123,
                "12": 21,
                "13": 129,
                "14": 66,
                "15": 133,
                "16": 76,
                "17": 22,
                "18": 92,
                "19": 24,
                "20": 28,
                "21": 67,
                "22": 121,
                "23": 174,
                "24": 93,
                "25": 26,
                "26": 178,
                "27": 147
            },
            "1": {
                "0": 30,
                "1": 34,
                "2": 35,
                "3": 25,
                "4": 32,
                "5": 69,
                "6": 71,
                "7": 140,
                "8": 149,
                "9": 36,
                "10": 173,
                "11": 123,
                "12": 21,
                "13": 129,
                "14": 66,
                "15": 133,
                "16": 76,
                "17": 22,
                "18": 92,
                "19": 24,
                "20": 28,
                "21": 67,
                "22": 121,
                "23": 174,
                "24": 93,
                "25": 26,
                "26": 178,
                "27": 147
            }
        }
    },
    {
        "route_id": 17,
        "route_item": {
            "0": {},
            "1": {}
        }
    },
    {
        "route_id": 18,
        "route_item": {
            "0": {},
            "1": {}
        }
    },
    {
        "route_id": 19,
        "route_item": {
            "0": {
                "0": 31,
                "1": 94,
                "2": 122,
                "3": 141,
                "4": 33,
                "5": 127,
                "6": 34,
                "7": 35,
                "8": 29,
                "9": 65,
                "10": 70,
                "11": 72,
                "12": 23,
                "13": 25,
                "14": 91,
                "15": 95,
                "16": 175,
                "17": 179,
                "18": 71,
                "19": 124,
                "20": 125,
                "21": 149,
                "22": 128,
                "23": 130,
                "24": 142,
                "25": 24,
                "26": 26,
                "27": 96,
                "28": 73,
                "29": 74,
                "30": 75
            },
            "1": {
                "0": 31,
                "1": 94,
                "2": 122,
                "3": 141,
                "4": 33,
                "5": 127,
                "6": 34,
                "7": 35,
                "8": 29,
                "9": 65,
                "10": 70,
                "11": 72,
                "12": 23,
                "13": 25,
                "14": 91,
                "15": 95,
                "16": 175,
                "17": 179,
                "18": 71,
                "19": 124,
                "20": 125,
                "21": 149,
                "22": 128,
                "23": 130,
                "24": 142,
                "25": 24,
                "26": 26,
                "27": 96,
                "28": 73,
                "29": 74,
                "30": 75
            }
        }
    },
    {
        "route_id": 20,
        "route_item": {
            "0": {
                "0": 77,
                "1": 32,
                "2": 177,
                "3": 78,
                "4": 123,
                "5": 94,
                "6": 35,
                "7": 140
            },
            "1": {
                "0": 77,
                "1": 32,
                "2": 177,
                "3": 78,
                "4": 123,
                "5": 94,
                "6": 35,
                "7": 140
            }
        }
    },
    {
        "route_id": 21,
        "route_item": {
            "0": {
                "0": 92,
                "1": 93,
                "2": 126,
                "3": 129,
                "4": 27,
                "5": 66,
                "6": 28,
                "7": 29,
                "8": 174,
                "9": 33
            },
            "1": {
                "0": 92,
                "1": 93,
                "2": 126,
                "3": 129,
                "4": 27,
                "5": 66,
                "6": 28,
                "7": 29,
                "8": 174,
                "9": 33
            }
        }
    },
    {
        "route_id": 22,
        "route_item": {
            "0": {
                "0": 67,
                "1": 36,
                "2": 76,
                "3": 68,
                "4": 25,
                "5": 30,
                "6": 91,
                "7": 69,
                "8": 97,
                "9": 24,
                "10": 122,
                "11": 26
            },
            "1": {
                "0": 67,
                "1": 36,
                "2": 76,
                "3": 68,
                "4": 25,
                "5": 30,
                "6": 91,
                "7": 69,
                "8": 97,
                "9": 24,
                "10": 122,
                "11": 26
            }
        }
    }
]