[
    {
        "route_id": 0,
        "route_item": {
            "0": {
                "0": 80,
                "1": 0,
                "2": 1,
                "3": 104,
                "4": 45,
                "5": 144,
                "6": 81,
                "7": 82,
                "8": 167,
                "9": 83,
                "10": 84,
                "11": 46,
                "12": 2,
                "13": 145,
                "14": 146,
                "15": 3,
                "16": 85,
                "17": 47,
                "18": 147,
                "19": 105,
                "20": 4,
                "21": 168,
                "22": 86,
                "23": 48,
                "24": 5,
                "25": 49,
                "26": 148,
                "27": 106,
                "28": 6
            },
            "1": {
                "0": 80,
                "1": 0,
                "2": 1,
                "3": 104,
                "4": 45,
                "5": 144,
                "6": 81,
                "7": 82,
                "8": 167,
                "9": 83,
                "10": 84,
                "11": 46,
                "12": 2,
                "13": 145,
                "14": 146,
                "15": 3,
                "16": 85,
                "17": 47,
                "18": 147,
                "19": 105,
                "20": 4,
                "21": 168,
                "22": 86,
                "23": 48,
                "24": 5,
                "25": 49,
                "26": 148,
                "27": 106,
                "28": 6
            }
        }
    },
    {
        "route_id": 1,
        "route_item": {
            "0": {
                "0": 7,
                "1": 149,
                "2": 107,
                "3": 87,
                "4": 108,
                "5": 50,
                "6": 8,
                "7": 109,
                "8": 110,
                "9": 88,
                "10": 169,
                "11": 89,
                "12": 90,
                "13": 150,
                "14": 9,
                "15": 51,
                "16": 91,
                "17": 10,
                "18": 52,
                "19": 80,
                "20": 92,
                "21": 151,
                "22": 152,
                "23": 0,
                "24": 170,
                "25": 111,
                "26": 53,
                "27": 93,
                "28": 1
            },
            "1": {
                "0": 7,
                "1": 149,
                "2": 107,
                "3": 87,
                "4": 108,
                "5": 50,
                "6": 8,
                "7": 109,
                "8": 110,
                "9": 88,
                "10": 169,
                "11": 89,
                "12": 90,
                "13": 150,
                "14": 9,
                "15": 51,
                "16": 91,
                "17": 10,
                "18": 52,
                "19": 80,
                "20": 92,
                "21": 151,
                "22": 152,
                "23": 0,
                "24": 170,
                "25": 111,
                "26": 53,
                "27": 93,
                "28": 1
            }
        }
    },
    {
        "route_id": 2,
        "route_item": {
            "0": {
                "0": 112,
                "1": 145,
                "2": 153,
                "3": 2,
                "4": 46,
                "5": 171,
                "6": 104,
                "7": 11,
                "8": 3,
                "9": 12,
                "10": 113,
                "11": 13,
                "12": 45,
                "13": 144,
                "14": 114,
                "15": 5,
                "16": 107,
                "17": 81,
                "18": 82,
                "19": 7,
                "20": 8,
                "21": 106,
                "22": 146,
                "23": 109,
                "24": 147,
                "25": 14,
                "26": 167,
                "27": 15,
                "28": 48,
                "29": 49,
                "30": 83,
                "31": 0,
                "32": 168,
                "33": 105,
                "34": 108,
                "35": 110,
                "36": 115,
                "37": 84,
                "38": 4,
                "39": 50
            },
            "1": {
                "0": 112,
                "1": 145,
                "2": 153,
                "3": 2,
                "4": 46,
                "5": 171,
                "6": 104,
                "7": 11,
                "8": 3,
                "9": 12,
                "10": 113,
                "11": 13,
                "12": 45,
                "13": 144,
                "14": 114,
                "15": 5,
                "16": 107,
                "17": 81,
                "18": 82,
                "19": 7,
                "20": 8,
                "21": 106,
                "22": 146,
                "23": 109,
                "24": 147,
                "25": 14,
                "26": 167,
                "27": 15,
                "28": 48,
                "29": 49,
                "30": 83,
                "31": 0,
                "32": 168,
                "33": 105,
                "34": 108,
                "35": 110,
                "36": 115,
                "37": 84,
                "38": 4,
                "39": 50
            }
        }
    },
    {
        "route_id": 3,
        "route_item": {
            "0": {
                "0": 52,
                "1": 148,
                "2": 149,
                "3": 150,
                "4": 1,
                "5": 169,
                "6": 80,
                "7": 6,
                "8": 9,
                "9": 10,
                "10": 47,
                "11": 11,
                "12": 54,
                "13": 3,
                "14": 104,
                "15": 13,
                "16": 16,
                "17": 2,
                "18": 170,
                "19": 46,
                "20": 145,
                "21": 111,
                "22": 81,
                "23": 151,
                "24": 112,
                "25": 7,
                "26": 85,
                "27": 8,
                "28": 45,
                "29": 144,
                "30": 146,
                "31": 171,
                "32": 86,
                "33": 107,
                "34": 5,
                "35": 109,
                "36": 12,
                "37": 149,
                "38": 14,
                "39": 49,
                "40": 15,
                "41": 51,
                "42": 152,
                "43": 6,
                "44": 82,
                "45": 153,
                "46": 106,
                "47": 17
            },
            "1": {
                "0": 52,
                "1": 148,
                "2": 149,
                "3": 150,
                "4": 1,
                "5": 169,
                "6": 80,
                "7": 6,
                "8": 9,
                "9": 10,
                "10": 47,
                "11": 11,
                "12": 54,
                "13": 3,
                "14": 104,
                "15": 13,
                "16": 16,
                "17": 2,
                "18": 170,
                "19": 46,
                "20": 145,
                "21": 111,
                "22": 81,
                "23": 151,
                "24": 112,
                "25": 7,
                "26": 85,
                "27": 8,
                "28": 45,
                "29": 144,
                "30": 146,
                "31": 171,
                "32": 86,
                "33": 107,
                "34": 5,
                "35": 109,
                "36": 12,
                "37": 149,
                "38": 14,
                "39": 49,
                "40": 15,
                "41": 51,
                "42": 152,
                "43": 6,
                "44": 82,
                "45": 153,
                "46": 106,
                "47": 17
            }
        }
    },
    {
        "route_id": 4,
        "route_item": {
            "0": {
                "0": 18,
                "1": 83,
                "2": 84,
                "3": 13,
                "4": 167,
                "5": 108,
                "6": 48,
                "7": 110,
                "8": 113,
                "9": 9,
                "10": 10,
                "11": 19,
                "12": 52,
                "13": 15,
                "14": 105,
                "15": 20,
                "16": 150,
                "17": 21,
                "18": 168,
                "19": 112,
                "20": 53,
                "21": 54,
                "22": 22,
                "23": 23,
                "24": 24,
                "25": 55,
                "26": 154,
                "27": 16,
                "28": 86,
                "29": 87,
                "30": 0,
                "31": 151,
                "32": 12,
                "33": 114,
                "34": 25,
                "35": 56,
                "36": 26,
                "37": 27,
                "38": 155,
                "39": 57,
                "40": 169
            },
            "1": {
                "0": 18,
                "1": 83,
                "2": 84,
                "3": 13,
                "4": 167,
                "5": 108,
                "6": 48,
                "7": 110,
                "8": 113,
                "9": 9,
                "10": 10,
                "11": 19,
                "12": 52,
                "13": 15,
                "14": 105,
                "15": 20,
                "16": 150,
                "17": 21,
                "18": 168,
                "19": 112,
                "20": 53,
                "21": 54,
                "22": 22,
                "23": 23,
                "24": 24,
                "25": 55,
                "26": 154,
                "27": 16,
                "28": 86,
                "29": 87,
                "30": 0,
                "31": 151,
                "32": 12,
                "33": 114,
                "34": 25,
                "35": 56,
                "36": 26,
                "37": 27,
                "38": 155,
                "39": 57,
                "40": 169
            }
        }
    },
    {
        "route_id": 5,
        "route_item": {
            "0": {
                "0": 85,
                "1": 111,
                "2": 1,
                "3": 15,
                "4": 148,
                "5": 17,
                "6": 161,
                "7": 147,
                "8": 13,
                "9": 80,
                "10": 113,
                "11": 115,
                "12": 24,
                "13": 58,
                "14": 2,
                "15": 144,
                "16": 88,
                "17": 162,
                "18": 170,
                "19": 104,
                "20": 4,
                "21": 14,
                "22": 19,
                "23": 59,
                "24": 89,
                "25": 90,
                "26": 91,
                "27": 28,
                "28": 29,
                "29": 81,
                "30": 3,
                "31": 1,
                "32": 47,
                "33": 145,
                "34": 5,
                "35": 7,
                "36": 21,
                "37": 45,
                "38": 0,
                "39": 171,
                "40": 92,
                "41": 107,
                "42": 116,
                "43": 93,
                "44": 148,
                "45": 117,
                "46": 50,
                "47": 94,
                "48": 51,
                "49": 6,
                "50": 109,
                "51": 86
            },
            "1": {
                "0": 85,
                "1": 111,
                "2": 1,
                "3": 15,
                "4": 148,
                "5": 17,
                "6": 161,
                "7": 147,
                "8": 13,
                "9": 80,
                "10": 113,
                "11": 115,
                "12": 24,
                "13": 58,
                "14": 2,
                "15": 144,
                "16": 88,
                "17": 162,
                "18": 170,
                "19": 104,
                "20": 4,
                "21": 14,
                "22": 19,
                "23": 59,
                "24": 89,
                "25": 90,
                "26": 91,
                "27": 28,
                "28": 29,
                "29": 81,
                "30": 3,
                "31": 1,
                "32": 47,
                "33": 145,
                "34": 5,
                "35": 7,
                "36": 21,
                "37": 45,
                "38": 0,
                "39": 171,
                "40": 92,
                "41": 107,
                "42": 116,
                "43": 93,
                "44": 148,
                "45": 117,
                "46": 50,
                "47": 94,
                "48": 51,
                "49": 6,
                "50": 109,
                "51": 86
            }
        }
    },
    {
        "route_id": 6,
        "route_item": {
            "0": {
                "0": 9,
                "1": 172,
                "2": 10,
                "3": 108,
                "4": 49,
                "5": 11,
                "6": 110,
                "7": 16,
                "8": 17,
                "9": 82,
                "10": 84,
                "11": 87,
                "12": 18,
                "13": 20,
                "14": 146,
                "15": 89,
                "16": 149,
                "17": 2,
                "18": 100,
                "19": 7,
                "20": 8,
                "21": 152,
                "22": 163,
                "23": 153,
                "24": 46,
                "25": 106,
                "26": 22,
                "27": 48
            },
            "1": {
                "0": 9,
                "1": 172,
                "2": 10,
                "3": 108,
                "4": 49,
                "5": 11,
                "6": 110,
                "7": 16,
                "8": 17,
                "9": 82,
                "10": 84,
                "11": 87,
                "12": 18,
                "13": 20,
                "14": 146,
                "15": 89,
                "16": 149,
                "17": 2,
                "18": 100,
                "19": 7,
                "20": 8,
                "21": 152,
                "22": 163,
                "23": 153,
                "24": 46,
                "25": 106,
                "26": 22,
                "27": 48
            }
        }
    },
    {
        "route_id": 7,
        "route_item": {
            "0": {
                "0": 23,
                "1": 25,
                "2": 167,
                "3": 80,
                "4": 164,
                "5": 3,
                "6": 104,
                "7": 6,
                "8": 105,
                "9": 83,
                "10": 144,
                "11": 1,
                "12": 147,
                "13": 4,
                "14": 168,
                "15": 81,
                "16": 112,
                "17": 0,
                "18": 5,
                "19": 11,
                "20": 107,
                "21": 45,
                "22": 12
            },
            "1": {
                "0": 23,
                "1": 25,
                "2": 167,
                "3": 80,
                "4": 164,
                "5": 3,
                "6": 104,
                "7": 6,
                "8": 105,
                "9": 83,
                "10": 144,
                "11": 1,
                "12": 147,
                "13": 4,
                "14": 168,
                "15": 81,
                "16": 112,
                "17": 0,
                "18": 5,
                "19": 11,
                "20": 107,
                "21": 45,
                "22": 12
            }
        }
    },
    {
        "route_id": 8,
        "route_item": {
            "0": {
                "0": 15,
                "1": 52,
                "2": 82,
                "3": 88,
                "4": 93,
                "5": 18,
                "6": 8,
                "7": 85,
                "8": 92,
                "9": 145,
                "10": 169,
                "11": 148,
                "12": 10,
                "13": 109,
                "14": 13,
                "15": 14,
                "16": 19
            },
            "1": {
                "0": 15,
                "1": 52,
                "2": 82,
                "3": 88,
                "4": 93,
                "5": 18,
                "6": 8,
                "7": 85,
                "8": 92,
                "9": 145,
                "10": 169,
                "11": 148,
                "12": 10,
                "13": 109,
                "14": 13,
                "15": 14,
                "16": 19
            }
        }
    },
    {
        "route_id": 9,
        "route_item": {
            "0": {
                "0": 172,
                "1": 83,
                "2": 2,
                "3": 94,
                "4": 110,
                "5": 4,
                "6": 111,
                "7": 150,
                "8": 101,
                "9": 50,
                "10": 20,
                "11": 51,
                "12": 21,
                "13": 161,
                "14": 47,
                "15": 146,
                "16": 105,
                "17": 3
            },
            "1": {
                "0": 172,
                "1": 83,
                "2": 2,
                "3": 94,
                "4": 110,
                "5": 4,
                "6": 111,
                "7": 150,
                "8": 101,
                "9": 50,
                "10": 20,
                "11": 51,
                "12": 21,
                "13": 161,
                "14": 47,
                "15": 146,
                "16": 105,
                "17": 3
            }
        }
    },
    {
        "route_id": 10,
        "route_item": {
            "0": {
                "0": 53,
                "1": 80,
                "2": 162,
                "3": 1,
                "4": 167,
                "5": 104,
                "6": 7,
                "7": 82,
                "8": 100,
                "9": 102,
                "10": 9,
                "11": 18,
                "12": 144,
                "13": 6,
                "14": 14,
                "15": 5,
                "16": 103,
                "17": 22,
                "18": 45,
                "19": 106,
                "20": 46
            },
            "1": {
                "0": 53,
                "1": 80,
                "2": 162,
                "3": 1,
                "4": 167,
                "5": 104,
                "6": 7,
                "7": 82,
                "8": 100,
                "9": 102,
                "10": 9,
                "11": 18,
                "12": 144,
                "13": 6,
                "14": 14,
                "15": 5,
                "16": 103,
                "17": 22,
                "18": 45,
                "19": 106,
                "20": 46
            }
        }
    },
    {
        "route_id": 11,
        "route_item": {
            "0": {
                "0": 10,
                "1": 11,
                "2": 147,
                "3": 168,
                "4": 81,
                "5": 107,
                "6": 8,
                "7": 149,
                "8": 84,
                "9": 48,
                "10": 150,
                "11": 108,
                "12": 12,
                "13": 112,
                "14": 13,
                "15": 86,
                "16": 16,
                "17": 113,
                "18": 2,
                "19": 82,
                "20": 4,
                "21": 49,
                "22": 169,
                "23": 0,
                "24": 52,
                "25": 145,
                "26": 109,
                "27": 9,
                "28": 148,
                "29": 15,
                "30": 54,
                "31": 85,
                "32": 90,
                "33": 91,
                "34": 17,
                "35": 23,
                "36": 110
            },
            "1": {
                "0": 10,
                "1": 11,
                "2": 147,
                "3": 168,
                "4": 81,
                "5": 107,
                "6": 8,
                "7": 149,
                "8": 84,
                "9": 48,
                "10": 150,
                "11": 108,
                "12": 12,
                "13": 112,
                "14": 13,
                "15": 86,
                "16": 16,
                "17": 113,
                "18": 2,
                "19": 82,
                "20": 4,
                "21": 49,
                "22": 169,
                "23": 0,
                "24": 52,
                "25": 145,
                "26": 109,
                "27": 9,
                "28": 148,
                "29": 15,
                "30": 54,
                "31": 85,
                "32": 90,
                "33": 91,
                "34": 17,
                "35": 23,
                "36": 110
            }
        }
    },
    {
        "route_id": 12,
        "route_item": {
            "0": {
                "0": 10,
                "1": 89,
                "2": 24,
                "3": 163,
                "4": 170,
                "5": 84,
                "6": 1,
                "7": 151,
                "8": 111,
                "9": 6,
                "10": 14,
                "11": 25,
                "12": 146,
                "13": 114,
                "14": 47,
                "15": 164,
                "16": 80,
                "17": 104,
                "18": 83,
                "19": 152,
                "20": 171,
                "21": 5,
                "22": 45,
                "23": 7,
                "24": 144,
                "25": 16,
                "26": 51,
                "27": 21,
                "28": 105,
                "29": 17
            },
            "1": {
                "0": 10,
                "1": 89,
                "2": 24,
                "3": 163,
                "4": 170,
                "5": 84,
                "6": 1,
                "7": 151,
                "8": 111,
                "9": 6,
                "10": 14,
                "11": 25,
                "12": 146,
                "13": 114,
                "14": 47,
                "15": 164,
                "16": 80,
                "17": 104,
                "18": 83,
                "19": 152,
                "20": 171,
                "21": 5,
                "22": 45,
                "23": 7,
                "24": 144,
                "25": 16,
                "26": 51,
                "27": 21,
                "28": 105,
                "29": 17
            }
        }
    },
    {
        "route_id": 13,
        "route_item": {
            "0": {
                "0": 85,
                "1": 154,
                "2": 107,
                "3": 18,
                "4": 55,
                "5": 3,
                "6": 167,
                "7": 106,
                "8": 12,
                "9": 113,
                "10": 115,
                "11": 13,
                "12": 149,
                "13": 87,
                "14": 92,
                "15": 20,
                "16": 23,
                "17": 94,
                "18": 101,
                "19": 103,
                "20": 26,
                "21": 116,
                "22": 81,
                "23": 50,
                "24": 150,
                "25": 2,
                "26": 8,
                "27": 108,
                "28": 48,
                "29": 9,
                "30": 14,
                "31": 56,
                "32": 27,
                "33": 28,
                "34": 10,
                "35": 168,
                "36": 82
            },
            "1": {
                "0": 85,
                "1": 154,
                "2": 107,
                "3": 18,
                "4": 55,
                "5": 3,
                "6": 167,
                "7": 106,
                "8": 12,
                "9": 113,
                "10": 115,
                "11": 13,
                "12": 149,
                "13": 87,
                "14": 92,
                "15": 20,
                "16": 23,
                "17": 94,
                "18": 101,
                "19": 103,
                "20": 26,
                "21": 116,
                "22": 81,
                "23": 50,
                "24": 150,
                "25": 2,
                "26": 8,
                "27": 108,
                "28": 48,
                "29": 9,
                "30": 14,
                "31": 56,
                "32": 27,
                "33": 28,
                "34": 10,
                "35": 168,
                "36": 82
            }
        }
    },
    {
        "route_id": 14,
        "route_item": {
            "0": {
                "0": 11,
                "1": 83,
                "2": 19,
                "3": 169,
                "4": 148,
                "5": 109,
                "6": 112,
                "7": 145,
                "8": 153,
                "9": 6,
                "10": 166,
                "11": 86,
                "12": 49,
                "13": 88,
                "14": 5,
                "15": 172,
                "16": 7,
                "17": 110,
                "18": 117,
                "19": 161,
                "20": 12,
                "21": 89,
                "22": 15,
                "23": 16,
                "24": 21,
                "25": 52,
                "26": 93,
                "27": 22,
                "28": 26,
                "29": 53,
                "30": 151,
                "31": 17,
                "32": 118,
                "33": 27
            },
            "1": {
                "0": 11,
                "1": 83,
                "2": 19,
                "3": 169,
                "4": 148,
                "5": 109,
                "6": 112,
                "7": 145,
                "8": 153,
                "9": 6,
                "10": 166,
                "11": 86,
                "12": 49,
                "13": 88,
                "14": 5,
                "15": 172,
                "16": 7,
                "17": 110,
                "18": 117,
                "19": 161,
                "20": 12,
                "21": 89,
                "22": 15,
                "23": 16,
                "24": 21,
                "25": 52,
                "26": 93,
                "27": 22,
                "28": 26,
                "29": 53,
                "30": 151,
                "31": 17,
                "32": 118,
                "33": 27
            }
        }
    },
    {
        "route_id": 15,
        "route_item": {
            "0": {
                "0": 29,
                "1": 119,
                "2": 152,
                "3": 83,
                "4": 90,
                "5": 155,
                "6": 170,
                "7": 19,
                "8": 111,
                "9": 37,
                "10": 38,
                "11": 113,
                "12": 54,
                "13": 85,
                "14": 6,
                "15": 24,
                "16": 87,
                "17": 91,
                "18": 39,
                "19": 57,
                "20": 40,
                "21": 149,
                "22": 58,
                "23": 92,
                "24": 9,
                "25": 171,
                "26": 173,
                "27": 120,
                "28": 153,
                "29": 13,
                "30": 14,
                "31": 41,
                "32": 59
            },
            "1": {
                "0": 29,
                "1": 119,
                "2": 152,
                "3": 83,
                "4": 90,
                "5": 155,
                "6": 170,
                "7": 19,
                "8": 111,
                "9": 37,
                "10": 38,
                "11": 113,
                "12": 54,
                "13": 85,
                "14": 6,
                "15": 24,
                "16": 87,
                "17": 91,
                "18": 39,
                "19": 57,
                "20": 40,
                "21": 149,
                "22": 58,
                "23": 92,
                "24": 9,
                "25": 171,
                "26": 173,
                "27": 120,
                "28": 153,
                "29": 13,
                "30": 14,
                "31": 41,
                "32": 59
            }
        }
    },
    {
        "route_id": 16,
        "route_item": {
            "0": {
                "0": 121,
                "1": 10,
                "2": 122,
                "3": 20,
                "4": 174,
                "5": 93,
                "6": 94,
                "7": 116,
                "8": 56,
                "9": 18,
                "10": 22,
                "11": 26,
                "12": 29,
                "13": 37,
                "14": 60,
                "15": 86,
                "16": 150,
                "17": 12,
                "18": 154,
                "19": 16,
                "20": 114,
                "21": 23,
                "22": 42,
                "23": 43,
                "24": 44,
                "25": 175,
                "26": 17,
                "27": 115
            },
            "1": {
                "0": 121,
                "1": 10,
                "2": 122,
                "3": 20,
                "4": 174,
                "5": 93,
                "6": 94,
                "7": 116,
                "8": 56,
                "9": 18,
                "10": 22,
                "11": 26,
                "12": 29,
                "13": 37,
                "14": 60,
                "15": 86,
                "16": 150,
                "17": 12,
                "18": 154,
                "19": 16,
                "20": 114,
                "21": 23,
                "22": 42,
                "23": 43,
                "24": 44,
                "25": 175,
                "26": 17,
                "27": 115
            }
        }
    },
    {
        "route_id": 17,
        "route_item": {
            "0": {
                "0": 53,
                "1": 25,
                "2": 152,
                "3": 61,
                "4": 28,
                "5": 156,
                "6": 87,
                "7": 88,
                "8": 118,
                "9": 18,
                "10": 26,
                "11": 157,
                "12": 119
            },
            "1": {
                "0": 53,
                "1": 25,
                "2": 152,
                "3": 61,
                "4": 28,
                "5": 156,
                "6": 87,
                "7": 88,
                "8": 118,
                "9": 18,
                "10": 26,
                "11": 157,
                "12": 119
            }
        }
    },
    {
        "route_id": 18,
        "route_item": {
            "0": {
                "0": 123,
                "1": 151,
                "2": 89,
                "3": 19,
                "4": 170,
                "5": 21,
                "6": 24,
                "7": 40,
                "8": 41,
                "9": 42,
                "10": 57,
                "11": 54
            },
            "1": {
                "0": 123,
                "1": 151,
                "2": 89,
                "3": 19,
                "4": 170,
                "5": 21,
                "6": 24,
                "7": 40,
                "8": 41,
                "9": 42,
                "10": 57,
                "11": 54
            }
        }
    },
    {
        "route_id": 19,
        "route_item": {
            "0": {
                "0": 158,
                "1": 22,
                "2": 171,
                "3": 113,
                "4": 159,
                "5": 17,
                "6": 121,
                "7": 27,
                "8": 122,
                "9": 55,
                "10": 16,
                "11": 90,
                "12": 23,
                "13": 25,
                "14": 91,
                "15": 20,
                "16": 152,
                "17": 24,
                "18": 172,
                "19": 92,
                "20": 115,
                "21": 58,
                "22": 28,
                "23": 153,
                "24": 117,
                "25": 29,
                "26": 37,
                "27": 22,
                "28": 59,
                "29": 160,
                "30": 19
            },
            "1": {
                "0": 158,
                "1": 22,
                "2": 171,
                "3": 113,
                "4": 159,
                "5": 17,
                "6": 121,
                "7": 27,
                "8": 122,
                "9": 55,
                "10": 16,
                "11": 90,
                "12": 23,
                "13": 25,
                "14": 91,
                "15": 20,
                "16": 152,
                "17": 24,
                "18": 172,
                "19": 92,
                "20": 115,
                "21": 58,
                "22": 28,
                "23": 153,
                "24": 117,
                "25": 29,
                "26": 37,
                "27": 22,
                "28": 59,
                "29": 160,
                "30": 19
            }
        }
    },
    {
        "route_id": 20,
        "route_item": {
            "0": {
                "0": 38,
                "1": 18,
                "2": 39,
                "3": 93,
                "4": 94,
                "5": 173,
                "6": 53,
                "7": 114,
                "8": 60,
                "9": 155,
                "10": 116,
                "11": 118,
                "12": 154,
                "13": 17,
                "14": 20,
                "15": 88,
                "16": 56,
                "17": 61,
                "18": 21,
                "19": 174,
                "20": 62,
                "21": 119,
                "22": 92
            },
            "1": {
                "0": 38,
                "1": 18,
                "2": 39,
                "3": 93,
                "4": 94,
                "5": 173,
                "6": 53,
                "7": 114,
                "8": 60,
                "9": 155,
                "10": 116,
                "11": 118,
                "12": 154,
                "13": 17,
                "14": 20,
                "15": 88,
                "16": 56,
                "17": 61,
                "18": 21,
                "19": 174,
                "20": 62,
                "21": 119,
                "22": 92
            }
        }
    },
    {
        "route_id": 21,
        "route_item": {
            "0": {
                "0": 23,
                "1": 156,
                "2": 90,
                "3": 91,
                "4": 120,
                "5": 24,
                "6": 55,
                "7": 22,
                "8": 25,
                "9": 175
            },
            "1": {
                "0": 23,
                "1": 156,
                "2": 90,
                "3": 91,
                "4": 120,
                "5": 24,
                "6": 55,
                "7": 22,
                "8": 25,
                "9": 175
            }
        }
    },
    {
        "route_id": 22,
        "route_item": {
            "0": {
                "0": 26,
                "1": 157,
                "2": 27,
                "3": 63,
                "4": 37,
                "5": 38,
                "6": 39,
                "7": 57,
                "8": 93,
                "9": 94,
                "10": 23,
                "11": 22
            },
            "1": {
                "0": 26,
                "1": 157,
                "2": 27,
                "3": 63,
                "4": 37,
                "5": 38,
                "6": 39,
                "7": 57,
                "8": 93,
                "9": 94,
                "10": 23,
                "11": 22
            }
        }
    }
]