[
    {
        "route_id": 0,
        "route_name": "0左",
        "content": [
            {
                "duration": 60,
                "time_from": 390,
                "time_to": 450,
                "start_station": 0,
                "end_station": 0,
                "route_combine": [
                    {
                        "route_item_id": 0,
                        "route_detail_id": 0
                    },
                    {
                        "route_item_id": 1,
                        "route_detail_id": -1
                    }
                ]
            },
            {
                "duration": 60,
                "time_from": 410,
                "time_to": 470,
                "start_station": 0,
                "end_station": 0,
                "route_combine": [
                    {
                        "route_item_id": 0,
                        "route_detail_id": 1
                    },
                    {
                        "route_item_id": 1,
                        "route_detail_id": -1
                    }
                ]
            },
            {
                "duration": 60,
                "time_from": 435,
                "time_to": 495,
                "start_station": 0,
                "end_station": 0,
                "route_combine": [
                    {
                        "route_item_id": 0,
                        "route_detail_id": 2
                    },
                    {
                        "route_item_id": 1,
                        "route_detail_id": -1
                    }
                ]
            },
            {
                "duration": 60,
                "time_from": 460,
                "time_to": 520,
                "start_station": 0,
                "end_station": 0,
                "route_combine": [
                    {
                        "route_item_id": 0,
                        "route_detail_id": 3
                    },
                    {
                        "route_item_id": 1,
                        "route_detail_id": -1
                    }
                ]
            },
            {
                "duration": 60,
                "time_from": 490,
                "time_to": 550,
                "start_station": 0,
                "end_station": 0,
                "route_combine": [
                    {
                        "route_item_id": 0,
                        "route_detail_id": 4
                    },
                    {
                        "route_item_id": 1,
                        "route_detail_id": -1
                    }
                ]
            },
            {
                "duration": 60,
                "time_from": 530,
                "time_to": 590,
                "start_station": 0,
                "end_station": 0,
                "route_combine": [
                    {
                        "route_item_id": 0,
                        "route_detail_id": 5
                    },
                    {
                        "route_item_id": 1,
                        "route_detail_id": -1
                    }
                ]
            },
            {
                "duration": 60,
                "time_from": 570,
                "time_to": 630,
                "start_station": 0,
                "end_station": 0,
                "route_combine": [
                    {
                        "route_item_id": 0,
                        "route_detail_id": 6
                    },
                    {
                        "route_item_id": 1,
                        "route_detail_id": -1
                    }
                ]
            },
            {
                "duration": 60,
                "time_from": 610,
                "time_to": 670,
                "start_station": 0,
                "end_station": 0,
                "route_combine": [
                    {
                        "route_item_id": 0,
                        "route_detail_id": 7
                    },
                    {
                        "route_item_id": 1,
                        "route_detail_id": -1
                    }
                ]
            },
            {
                "duration": 60,
                "time_from": 650,
                "time_to": 710,
                "start_station": 0,
                "end_station": 0,
                "route_combine": [
                    {
                        "route_item_id": 0,
                        "route_detail_id": 8
                    },
                    {
                        "route_item_id": 1,
                        "route_detail_id": -1
                    }
                ]
            },
            {
                "duration": 60,
                "time_from": 690,
                "time_to": 750,
                "start_station": 0,
                "end_station": 0,
                "route_combine": [
                    {
                        "route_item_id": 0,
                        "route_detail_id": 9
                    },
                    {
                        "route_item_id": 1,
                        "route_detail_id": -1
                    }
                ]
            },
            {
                "duration": 60,
                "time_from": 730,
                "time_to": 790,
                "start_station": 0,
                "end_station": 0,
                "route_combine": [
                    {
                        "route_item_id": 0,
                        "route_detail_id": 10
                    },
                    {
                        "route_item_id": 1,
                        "route_detail_id": -1
                    }
                ]
            },
            {
                "duration": 60,
                "time_from": 760,
                "time_to": 820,
                "start_station": 0,
                "end_station": 0,
                "route_combine": [
                    {
                        "route_item_id": 0,
                        "route_detail_id": 11
                    },
                    {
                        "route_item_id": 1,
                        "route_detail_id": -1
                    }
                ]
            },
            {
                "duration": 60,
                "time_from": 790,
                "time_to": 850,
                "start_station": 0,
                "end_station": 0,
                "route_combine": [
                    {
                        "route_item_id": 0,
                        "route_detail_id": 12
                    },
                    {
                        "route_item_id": 1,
                        "route_detail_id": -1
                    }
                ]
            },
            {
                "duration": 60,
                "time_from": 820,
                "time_to": 880,
                "start_station": 0,
                "end_station": 0,
                "route_combine": [
                    {
                        "route_item_id": 0,
                        "route_detail_id": 13
                    },
                    {
                        "route_item_id": 1,
                        "route_detail_id": -1
                    }
                ]
            },
            {
                "duration": 60,
                "time_from": 850,
                "time_to": 910,
                "start_station": 0,
                "end_station": 0,
                "route_combine": [
                    {
                        "route_item_id": 0,
                        "route_detail_id": 14
                    },
                    {
                        "route_item_id": 1,
                        "route_detail_id": -1
                    }
                ]
            },
            {
                "duration": 60,
                "time_from": 890,
                "time_to": 950,
                "start_station": 0,
                "end_station": 0,
                "route_combine": [
                    {
                        "route_item_id": 0,
                        "route_detail_id": 15
                    },
                    {
                        "route_item_id": 1,
                        "route_detail_id": -1
                    }
                ]
            },
            {
                "duration": 60,
                "time_from": 920,
                "time_to": 980,
                "start_station": 0,
                "end_station": 0,
                "route_combine": [
                    {
                        "route_item_id": 0,
                        "route_detail_id": 16
                    },
                    {
                        "route_item_id": 1,
                        "route_detail_id": -1
                    }
                ]
            },
            {
                "duration": 60,
                "time_from": 960,
                "time_to": 1020,
                "start_station": 0,
                "end_station": 0,
                "route_combine": [
                    {
                        "route_item_id": 0,
                        "route_detail_id": 17
                    },
                    {
                        "route_item_id": 1,
                        "route_detail_id": -1
                    }
                ]
            },
            {
                "duration": 60,
                "time_from": 990,
                "time_to": 1050,
                "start_station": 0,
                "end_station": 0,
                "route_combine": [
                    {
                        "route_item_id": 0,
                        "route_detail_id": 18
                    },
                    {
                        "route_item_id": 1,
                        "route_detail_id": -1
                    }
                ]
            },
            {
                "duration": 60,
                "time_from": 1030,
                "time_to": 1090,
                "start_station": 0,
                "end_station": 0,
                "route_combine": [
                    {
                        "route_item_id": 0,
                        "route_detail_id": 19
                    },
                    {
                        "route_item_id": 1,
                        "route_detail_id": -1
                    }
                ]
            },
            {
                "duration": 60,
                "time_from": 1060,
                "time_to": 1120,
                "start_station": 0,
                "end_station": 0,
                "route_combine": [
                    {
                        "route_item_id": 0,
                        "route_detail_id": 20
                    },
                    {
                        "route_item_id": 1,
                        "route_detail_id": -1
                    }
                ]
            },
            {
                "duration": 60,
                "time_from": 1100,
                "time_to": 1160,
                "start_station": 0,
                "end_station": 0,
                "route_combine": [
                    {
                        "route_item_id": 0,
                        "route_detail_id": 21
                    },
                    {
                        "route_item_id": 1,
                        "route_detail_id": -1
                    }
                ]
            },
            {
                "duration": 60,
                "time_from": 1140,
                "time_to": 1200,
                "start_station": 0,
                "end_station": 0,
                "route_combine": [
                    {
                        "route_item_id": 0,
                        "route_detail_id": 22
                    },
                    {
                        "route_item_id": 1,
                        "route_detail_id": -1
                    }
                ]
            },
            {
                "duration": 60,
                "time_from": 1180,
                "time_to": 1240,
                "start_station": 0,
                "end_station": 0,
                "route_combine": [
                    {
                        "route_item_id": 0,
                        "route_detail_id": 23
                    },
                    {
                        "route_item_id": 1,
                        "route_detail_id": -1
                    }
                ]
            },
            {
                "duration": 60,
                "time_from": 1220,
                "time_to": 1280,
                "start_station": 0,
                "end_station": 0,
                "route_combine": [
                    {
                        "route_item_id": 0,
                        "route_detail_id": 24
                    },
                    {
                        "route_item_id": 1,
                        "route_detail_id": -1
                    }
                ]
            },
            {
                "duration": 60,
                "time_from": 1260,
                "time_to": 1320,
                "start_station": 0,
                "end_station": 0,
                "route_combine": [
                    {
                        "route_item_id": 0,
                        "route_detail_id": 25
                    },
                    {
                        "route_item_id": 1,
                        "route_detail_id": -1
                    }
                ]
            },
            {
                "duration": 60,
                "time_from": 1290,
                "time_to": 1350,
                "start_station": 0,
                "end_station": 0,
                "route_combine": [
                    {
                        "route_item_id": 0,
                        "route_detail_id": 26
                    },
                    {
                        "route_item_id": 1,
                        "route_detail_id": -1
                    }
                ]
            },
            {
                "duration": 60,
                "time_from": 1320,
                "time_to": 1380,
                "start_station": 0,
                "end_station": 0,
                "route_combine": [
                    {
                        "route_item_id": 0,
                        "route_detail_id": 27
                    },
                    {
                        "route_item_id": 1,
                        "route_detail_id": -1
                    }
                ]
            },
            {
                "duration": 60,
                "time_from": 1360,
                "time_to": 1420,
                "start_station": 0,
                "end_station": 0,
                "route_combine": [
                    {
                        "route_item_id": 0,
                        "route_detail_id": 28
                    },
                    {
                        "route_item_id": 1,
                        "route_detail_id": -1
                    }
                ]
            }
        ]
    },
    {
        "route_id": 1,
        "route_name": "0右",
        "content": [
            {
                "duration": 60,
                "time_from": 380,
                "time_to": 440,
                "start_station": 0,
                "end_station": 0,
                "route_combine": [
                    {
                        "route_item_id": 0,
                        "route_detail_id": 0
                    },
                    {
                        "route_item_id": 1,
                        "route_detail_id": -1
                    }
                ]
            },
            {
                "duration": 60,
                "time_from": 405,
                "time_to": 465,
                "start_station": 0,
                "end_station": 0,
                "route_combine": [
                    {
                        "route_item_id": 0,
                        "route_detail_id": 1
                    },
                    {
                        "route_item_id": 1,
                        "route_detail_id": -1
                    }
                ]
            },
            {
                "duration": 60,
                "time_from": 430,
                "time_to": 490,
                "start_station": 0,
                "end_station": 0,
                "route_combine": [
                    {
                        "route_item_id": 0,
                        "route_detail_id": 2
                    },
                    {
                        "route_item_id": 1,
                        "route_detail_id": -1
                    }
                ]
            },
            {
                "duration": 60,
                "time_from": 455,
                "time_to": 515,
                "start_station": 0,
                "end_station": 0,
                "route_combine": [
                    {
                        "route_item_id": 0,
                        "route_detail_id": 3
                    },
                    {
                        "route_item_id": 1,
                        "route_detail_id": -1
                    }
                ]
            },
            {
                "duration": 60,
                "time_from": 480,
                "time_to": 540,
                "start_station": 0,
                "end_station": 0,
                "route_combine": [
                    {
                        "route_item_id": 0,
                        "route_detail_id": 4
                    },
                    {
                        "route_item_id": 1,
                        "route_detail_id": -1
                    }
                ]
            },
            {
                "duration": 60,
                "time_from": 520,
                "time_to": 580,
                "start_station": 0,
                "end_station": 0,
                "route_combine": [
                    {
                        "route_item_id": 0,
                        "route_detail_id": 5
                    },
                    {
                        "route_item_id": 1,
                        "route_detail_id": -1
                    }
                ]
            },
            {
                "duration": 60,
                "time_from": 560,
                "time_to": 620,
                "start_station": 0,
                "end_station": 0,
                "route_combine": [
                    {
                        "route_item_id": 0,
                        "route_detail_id": 6
                    },
                    {
                        "route_item_id": 1,
                        "route_detail_id": -1
                    }
                ]
            },
            {
                "duration": 60,
                "time_from": 600,
                "time_to": 660,
                "start_station": 0,
                "end_station": 0,
                "route_combine": [
                    {
                        "route_item_id": 0,
                        "route_detail_id": 7
                    },
                    {
                        "route_item_id": 1,
                        "route_detail_id": -1
                    }
                ]
            },
            {
                "duration": 60,
                "time_from": 640,
                "time_to": 700,
                "start_station": 0,
                "end_station": 0,
                "route_combine": [
                    {
                        "route_item_id": 0,
                        "route_detail_id": 8
                    },
                    {
                        "route_item_id": 1,
                        "route_detail_id": -1
                    }
                ]
            },
            {
                "duration": 60,
                "time_from": 680,
                "time_to": 740,
                "start_station": 0,
                "end_station": 0,
                "route_combine": [
                    {
                        "route_item_id": 0,
                        "route_detail_id": 9
                    },
                    {
                        "route_item_id": 1,
                        "route_detail_id": -1
                    }
                ]
            },
            {
                "duration": 60,
                "time_from": 720,
                "time_to": 780,
                "start_station": 0,
                "end_station": 0,
                "route_combine": [
                    {
                        "route_item_id": 0,
                        "route_detail_id": 10
                    },
                    {
                        "route_item_id": 1,
                        "route_detail_id": -1
                    }
                ]
            },
            {
                "duration": 60,
                "time_from": 750,
                "time_to": 810,
                "start_station": 0,
                "end_station": 0,
                "route_combine": [
                    {
                        "route_item_id": 0,
                        "route_detail_id": 11
                    },
                    {
                        "route_item_id": 1,
                        "route_detail_id": -1
                    }
                ]
            },
            {
                "duration": 60,
                "time_from": 780,
                "time_to": 840,
                "start_station": 0,
                "end_station": 0,
                "route_combine": [
                    {
                        "route_item_id": 0,
                        "route_detail_id": 12
                    },
                    {
                        "route_item_id": 1,
                        "route_detail_id": -1
                    }
                ]
            },
            {
                "duration": 60,
                "time_from": 810,
                "time_to": 870,
                "start_station": 0,
                "end_station": 0,
                "route_combine": [
                    {
                        "route_item_id": 0,
                        "route_detail_id": 13
                    },
                    {
                        "route_item_id": 1,
                        "route_detail_id": -1
                    }
                ]
            },
            {
                "duration": 60,
                "time_from": 840,
                "time_to": 900,
                "start_station": 0,
                "end_station": 0,
                "route_combine": [
                    {
                        "route_item_id": 0,
                        "route_detail_id": 14
                    },
                    {
                        "route_item_id": 1,
                        "route_detail_id": -1
                    }
                ]
            },
            {
                "duration": 60,
                "time_from": 880,
                "time_to": 940,
                "start_station": 0,
                "end_station": 0,
                "route_combine": [
                    {
                        "route_item_id": 0,
                        "route_detail_id": 15
                    },
                    {
                        "route_item_id": 1,
                        "route_detail_id": -1
                    }
                ]
            },
            {
                "duration": 60,
                "time_from": 910,
                "time_to": 970,
                "start_station": 0,
                "end_station": 0,
                "route_combine": [
                    {
                        "route_item_id": 0,
                        "route_detail_id": 16
                    },
                    {
                        "route_item_id": 1,
                        "route_detail_id": -1
                    }
                ]
            },
            {
                "duration": 60,
                "time_from": 950,
                "time_to": 1010,
                "start_station": 0,
                "end_station": 0,
                "route_combine": [
                    {
                        "route_item_id": 0,
                        "route_detail_id": 17
                    },
                    {
                        "route_item_id": 1,
                        "route_detail_id": -1
                    }
                ]
            },
            {
                "duration": 60,
                "time_from": 980,
                "time_to": 1040,
                "start_station": 0,
                "end_station": 0,
                "route_combine": [
                    {
                        "route_item_id": 0,
                        "route_detail_id": 18
                    },
                    {
                        "route_item_id": 1,
                        "route_detail_id": -1
                    }
                ]
            },
            {
                "duration": 60,
                "time_from": 1020,
                "time_to": 1080,
                "start_station": 0,
                "end_station": 0,
                "route_combine": [
                    {
                        "route_item_id": 0,
                        "route_detail_id": 19
                    },
                    {
                        "route_item_id": 1,
                        "route_detail_id": -1
                    }
                ]
            },
            {
                "duration": 60,
                "time_from": 1050,
                "time_to": 1110,
                "start_station": 0,
                "end_station": 0,
                "route_combine": [
                    {
                        "route_item_id": 0,
                        "route_detail_id": 20
                    },
                    {
                        "route_item_id": 1,
                        "route_detail_id": -1
                    }
                ]
            },
            {
                "duration": 60,
                "time_from": 1090,
                "time_to": 1150,
                "start_station": 0,
                "end_station": 0,
                "route_combine": [
                    {
                        "route_item_id": 0,
                        "route_detail_id": 21
                    },
                    {
                        "route_item_id": 1,
                        "route_detail_id": -1
                    }
                ]
            },
            {
                "duration": 60,
                "time_from": 1130,
                "time_to": 1190,
                "start_station": 0,
                "end_station": 0,
                "route_combine": [
                    {
                        "route_item_id": 0,
                        "route_detail_id": 22
                    },
                    {
                        "route_item_id": 1,
                        "route_detail_id": -1
                    }
                ]
            },
            {
                "duration": 60,
                "time_from": 1170,
                "time_to": 1230,
                "start_station": 0,
                "end_station": 0,
                "route_combine": [
                    {
                        "route_item_id": 0,
                        "route_detail_id": 23
                    },
                    {
                        "route_item_id": 1,
                        "route_detail_id": -1
                    }
                ]
            },
            {
                "duration": 60,
                "time_from": 1210,
                "time_to": 1270,
                "start_station": 0,
                "end_station": 0,
                "route_combine": [
                    {
                        "route_item_id": 0,
                        "route_detail_id": 24
                    },
                    {
                        "route_item_id": 1,
                        "route_detail_id": -1
                    }
                ]
            },
            {
                "duration": 60,
                "time_from": 1250,
                "time_to": 1310,
                "start_station": 0,
                "end_station": 0,
                "route_combine": [
                    {
                        "route_item_id": 0,
                        "route_detail_id": 25
                    },
                    {
                        "route_item_id": 1,
                        "route_detail_id": -1
                    }
                ]
            },
            {
                "duration": 60,
                "time_from": 1280,
                "time_to": 1340,
                "start_station": 0,
                "end_station": 0,
                "route_combine": [
                    {
                        "route_item_id": 0,
                        "route_detail_id": 26
                    },
                    {
                        "route_item_id": 1,
                        "route_detail_id": -1
                    }
                ]
            },
            {
                "duration": 60,
                "time_from": 1320,
                "time_to": 1380,
                "start_station": 0,
                "end_station": 0,
                "route_combine": [
                    {
                        "route_item_id": 0,
                        "route_detail_id": 27
                    },
                    {
                        "route_item_id": 1,
                        "route_detail_id": -1
                    }
                ]
            },
            {
                "duration": 60,
                "time_from": 1350,
                "time_to": 1410,
                "start_station": 0,
                "end_station": 0,
                "route_combine": [
                    {
                        "route_item_id": 0,
                        "route_detail_id": 28
                    },
                    {
                        "route_item_id": 1,
                        "route_detail_id": -1
                    }
                ]
            }
        ]
    },
    {
        "route_id": 2,
        "route_name": "1路",
        "content": [
            {
                "duration": 60,
                "time_from": 345,
                "time_to": 350,
                "start_station": 0,
                "end_station": 7,
                "route_combine": [
                    {
                        "route_item_id": 0,
                        "route_detail_id": -1
                    },
                    {
                        "route_item_id": 1,
                        "route_detail_id": 0
                    }
                ]
            },
            {
                "duration": 60,
                "time_from": 365,
                "time_to": 370,
                "start_station": 0,
                "end_station": 7,
                "route_combine": [
                    {
                        "route_item_id": 0,
                        "route_detail_id": -1
                    },
                    {
                        "route_item_id": 1,
                        "route_detail_id": 1
                    }
                ]
            },
            {
                "duration": 60,
                "time_from": 365,
                "time_to": 370,
                "start_station": 0,
                "end_station": 7,
                "route_combine": [
                    {
                        "route_item_id": 0,
                        "route_detail_id": 0
                    },
                    {
                        "route_item_id": 1,
                        "route_detail_id": 2
                    }
                ]
            },
            {
                "duration": 60,
                "time_from": 405,
                "time_to": 420,
                "start_station": 0,
                "end_station": 7,
                "route_combine": [
                    {
                        "route_item_id": 0,
                        "route_detail_id": 1
                    },
                    {
                        "route_item_id": 1,
                        "route_detail_id": 3
                    }
                ]
            },
            {
                "duration": 60,
                "time_from": 425,
                "time_to": 440,
                "start_station": 0,
                "end_station": 7,
                "route_combine": [
                    {
                        "route_item_id": 0,
                        "route_detail_id": 2
                    },
                    {
                        "route_item_id": 1,
                        "route_detail_id": 4
                    }
                ]
            },
            {
                "duration": 60,
                "time_from": 460,
                "time_to": 460,
                "start_station": 0,
                "end_station": 7,
                "route_combine": [
                    {
                        "route_item_id": 0,
                        "route_detail_id": 3
                    },
                    {
                        "route_item_id": 1,
                        "route_detail_id": -1
                    }
                ]
            },
            {
                "duration": 60,
                "time_from": 460,
                "time_to": 480,
                "start_station": 0,
                "end_station": 7,
                "route_combine": [
                    {
                        "route_item_id": 0,
                        "route_detail_id": 4
                    },
                    {
                        "route_item_id": 1,
                        "route_detail_id": 5
                    }
                ]
            },
            {
                "duration": 60,
                "time_from": 480,
                "time_to": 510,
                "start_station": 0,
                "end_station": 7,
                "route_combine": [
                    {
                        "route_item_id": 0,
                        "route_detail_id": 5
                    },
                    {
                        "route_item_id": 1,
                        "route_detail_id": 6
                    }
                ]
            },
            {
                "duration": 60,
                "time_from": 500,
                "time_to": 530,
                "start_station": 0,
                "end_station": 7,
                "route_combine": [
                    {
                        "route_item_id": 0,
                        "route_detail_id": 6
                    },
                    {
                        "route_item_id": 1,
                        "route_detail_id": 7
                    }
                ]
            },
            {
                "duration": 60,
                "time_from": 520,
                "time_to": 550,
                "start_station": 0,
                "end_station": 7,
                "route_combine": [
                    {
                        "route_item_id": 0,
                        "route_detail_id": 7
                    },
                    {
                        "route_item_id": 1,
                        "route_detail_id": 8
                    }
                ]
            },
            {
                "duration": 60,
                "time_from": 540,
                "time_to": 570,
                "start_station": 0,
                "end_station": 7,
                "route_combine": [
                    {
                        "route_item_id": 0,
                        "route_detail_id": 8
                    },
                    {
                        "route_item_id": 1,
                        "route_detail_id": 9
                    }
                ]
            },
            {
                "duration": 60,
                "time_from": 570,
                "time_to": 590,
                "start_station": 0,
                "end_station": 7,
                "route_combine": [
                    {
                        "route_item_id": 0,
                        "route_detail_id": 9
                    },
                    {
                        "route_item_id": 1,
                        "route_detail_id": 10
                    }
                ]
            },
            {
                "duration": 60,
                "time_from": 600,
                "time_to": 620,
                "start_station": 0,
                "end_station": 7,
                "route_combine": [
                    {
                        "route_item_id": 0,
                        "route_detail_id": 10
                    },
                    {
                        "route_item_id": 1,
                        "route_detail_id": 11
                    }
                ]
            },
            {
                "duration": 60,
                "time_from": 630,
                "time_to": 650,
                "start_station": 0,
                "end_station": 7,
                "route_combine": [
                    {
                        "route_item_id": 0,
                        "route_detail_id": 11
                    },
                    {
                        "route_item_id": 1,
                        "route_detail_id": 12
                    }
                ]
            },
            {
                "duration": 60,
                "time_from": 660,
                "time_to": 680,
                "start_station": 0,
                "end_station": 7,
                "route_combine": [
                    {
                        "route_item_id": 0,
                        "route_detail_id": 12
                    },
                    {
                        "route_item_id": 1,
                        "route_detail_id": 13
                    }
                ]
            },
            {
                "duration": 60,
                "time_from": 690,
                "time_to": 710,
                "start_station": 0,
                "end_station": 7,
                "route_combine": [
                    {
                        "route_item_id": 0,
                        "route_detail_id": 13
                    },
                    {
                        "route_item_id": 1,
                        "route_detail_id": 14
                    }
                ]
            },
            {
                "duration": 60,
                "time_from": 715,
                "time_to": 740,
                "start_station": 0,
                "end_station": 7,
                "route_combine": [
                    {
                        "route_item_id": 0,
                        "route_detail_id": 14
                    },
                    {
                        "route_item_id": 1,
                        "route_detail_id": 15
                    }
                ]
            },
            {
                "duration": 60,
                "time_from": 745,
                "time_to": 780,
                "start_station": 0,
                "end_station": 7,
                "route_combine": [
                    {
                        "route_item_id": 0,
                        "route_detail_id": 15
                    },
                    {
                        "route_item_id": 1,
                        "route_detail_id": 16
                    }
                ]
            },
            {
                "duration": 40,
                "time_from": 770,
                "time_to": 810,
                "start_station": 0,
                "end_station": 7,
                "route_combine": [
                    {
                        "route_item_id": 0,
                        "route_detail_id": 16
                    },
                    {
                        "route_item_id": 1,
                        "route_detail_id": 17
                    }
                ]
            },
            {
                "duration": 60,
                "time_from": 805,
                "time_to": 830,
                "start_station": 0,
                "end_station": 7,
                "route_combine": [
                    {
                        "route_item_id": 0,
                        "route_detail_id": 17
                    },
                    {
                        "route_item_id": 1,
                        "route_detail_id": 18
                    }
                ]
            },
            {
                "duration": 60,
                "time_from": 840,
                "time_to": 860,
                "start_station": 0,
                "end_station": 7,
                "route_combine": [
                    {
                        "route_item_id": 0,
                        "route_detail_id": 18
                    },
                    {
                        "route_item_id": 1,
                        "route_detail_id": 19
                    }
                ]
            },
            {
                "duration": 60,
                "time_from": 870,
                "time_to": 900,
                "start_station": 0,
                "end_station": 7,
                "route_combine": [
                    {
                        "route_item_id": 0,
                        "route_detail_id": 19
                    },
                    {
                        "route_item_id": 1,
                        "route_detail_id": 20
                    }
                ]
            },
            {
                "duration": 60,
                "time_from": 895,
                "time_to": 930,
                "start_station": 0,
                "end_station": 7,
                "route_combine": [
                    {
                        "route_item_id": 0,
                        "route_detail_id": 20
                    },
                    {
                        "route_item_id": 1,
                        "route_detail_id": 21
                    }
                ]
            },
            {
                "duration": 60,
                "time_from": 915,
                "time_to": 950,
                "start_station": 0,
                "end_station": 7,
                "route_combine": [
                    {
                        "route_item_id": 0,
                        "route_detail_id": 21
                    },
                    {
                        "route_item_id": 1,
                        "route_detail_id": 22
                    }
                ]
            },
            {
                "duration": 60,
                "time_from": 935,
                "time_to": 970,
                "start_station": 0,
                "end_station": 7,
                "route_combine": [
                    {
                        "route_item_id": 0,
                        "route_detail_id": 22
                    },
                    {
                        "route_item_id": 1,
                        "route_detail_id": 23
                    }
                ]
            },
            {
                "duration": 60,
                "time_from": 960,
                "time_to": 990,
                "start_station": 0,
                "end_station": 7,
                "route_combine": [
                    {
                        "route_item_id": 0,
                        "route_detail_id": 23
                    },
                    {
                        "route_item_id": 1,
                        "route_detail_id": 24
                    }
                ]
            },
            {
                "duration": 60,
                "time_from": 990,
                "time_to": 1020,
                "start_station": 0,
                "end_station": 7,
                "route_combine": [
                    {
                        "route_item_id": 0,
                        "route_detail_id": 24
                    },
                    {
                        "route_item_id": 1,
                        "route_detail_id": 25
                    }
                ]
            },
            {
                "duration": 55,
                "time_from": 995,
                "time_to": 1050,
                "start_station": 0,
                "end_station": 7,
                "route_combine": [
                    {
                        "route_item_id": 0,
                        "route_detail_id": 25
                    },
                    {
                        "route_item_id": 1,
                        "route_detail_id": 26
                    }
                ]
            },
            {
                "duration": 50,
                "time_from": 1010,
                "time_to": 1060,
                "start_station": 0,
                "end_station": 7,
                "route_combine": [
                    {
                        "route_item_id": 0,
                        "route_detail_id": 26
                    },
                    {
                        "route_item_id": 1,
                        "route_detail_id": 27
                    }
                ]
            },
            {
                "duration": 40,
                "time_from": 1040,
                "time_to": 1080,
                "start_station": 0,
                "end_station": 7,
                "route_combine": [
                    {
                        "route_item_id": 0,
                        "route_detail_id": 27
                    },
                    {
                        "route_item_id": 1,
                        "route_detail_id": 28
                    }
                ]
            },
            {
                "duration": 60,
                "time_from": 1060,
                "time_to": 1090,
                "start_station": 0,
                "end_station": 7,
                "route_combine": [
                    {
                        "route_item_id": 0,
                        "route_detail_id": 28
                    },
                    {
                        "route_item_id": 1,
                        "route_detail_id": 29
                    }
                ]
            },
            {
                "duration": 60,
                "time_from": 1075,
                "time_to": 1110,
                "start_station": 0,
                "end_station": 7,
                "route_combine": [
                    {
                        "route_item_id": 0,
                        "route_detail_id": 29
                    },
                    {
                        "route_item_id": 1,
                        "route_detail_id": 30
                    }
                ]
            },
            {
                "duration": 60,
                "time_from": 1105,
                "time_to": 1130,
                "start_station": 0,
                "end_station": 7,
                "route_combine": [
                    {
                        "route_item_id": 0,
                        "route_detail_id": 30
                    },
                    {
                        "route_item_id": 1,
                        "route_detail_id": 31
                    }
                ]
            },
            {
                "duration": 60,
                "time_from": 1140,
                "time_to": 1160,
                "start_station": 0,
                "end_station": 7,
                "route_combine": [
                    {
                        "route_item_id": 0,
                        "route_detail_id": 31
                    },
                    {
                        "route_item_id": 1,
                        "route_detail_id": 32
                    }
                ]
            },
            {
                "duration": 60,
                "time_from": 1165,
                "time_to": 1190,
                "start_station": 0,
                "end_station": 7,
                "route_combine": [
                    {
                        "route_item_id": 0,
                        "route_detail_id": 32
                    },
                    {
                        "route_item_id": 1,
                        "route_detail_id": 33
                    }
                ]
            },
            {
                "duration": 60,
                "time_from": 1200,
                "time_to": 1220,
                "start_station": 0,
                "end_station": 7,
                "route_combine": [
                    {
                        "route_item_id": 0,
                        "route_detail_id": 33
                    },
                    {
                        "route_item_id": 1,
                        "route_detail_id": 34
                    }
                ]
            },
            {
                "duration": 60,
                "time_from": 1230,
                "time_to": 1250,
                "start_station": 0,
                "end_station": 7,
                "route_combine": [
                    {
                        "route_item_id": 0,
                        "route_detail_id": 34
                    },
                    {
                        "route_item_id": 1,
                        "route_detail_id": 35
                    }
                ]
            },
            {
                "duration": 60,
                "time_from": 1260,
                "time_to": 1280,
                "start_station": 0,
                "end_station": 7,
                "route_combine": [
                    {
                        "route_item_id": 0,
                        "route_detail_id": 35
                    },
                    {
                        "route_item_id": 1,
                        "route_detail_id": 36
                    }
                ]
            },
            {
                "duration": 60,
                "time_from": 1290,
                "time_to": 1310,
                "start_station": 0,
                "end_station": 7,
                "route_combine": [
                    {
                        "route_item_id": 0,
                        "route_detail_id": 36
                    },
                    {
                        "route_item_id": 1,
                        "route_detail_id": 37
                    }
                ]
            },
            {
                "duration": 60,
                "time_from": 1340,
                "time_to": 1340,
                "start_station": 0,
                "end_station": 7,
                "route_combine": [
                    {
                        "route_item_id": 0,
                        "route_detail_id": 37
                    },
                    {
                        "route_item_id": 1,
                        "route_detail_id": -1
                    }
                ]
            }
        ]
    },
    {
        "route_id": 3,
        "route_name": "2路",
        "content": [
            {
                "duration": 60,
                "time_from": 375,
                "time_to": 390,
                "start_station": 1,
                "end_station": 2,
                "route_combine": [
                    {
                        "route_item_id": 0,
                        "route_detail_id": 0
                    },
                    {
                        "route_item_id": 1,
                        "route_detail_id": -1
                    }
                ]
            },
            {
                "duration": 40,
                "time_from": 385,
                "time_to": 405,
                "start_station": 1,
                "end_station": 2,
                "route_combine": [
                    {
                        "route_item_id": 0,
                        "route_detail_id": 1
                    },
                    {
                        "route_item_id": 1,
                        "route_detail_id": -1
                    }
                ]
            },
            {
                "duration": 40,
                "time_from": 385,
                "time_to": 405,
                "start_station": 1,
                "end_station": 2,
                "route_combine": [
                    {
                        "route_item_id": 0,
                        "route_detail_id": 2
                    },
                    {
                        "route_item_id": 1,
                        "route_detail_id": 0
                    }
                ]
            },
            {
                "duration": 40,
                "time_from": 415,
                "time_to": 435,
                "start_station": 1,
                "end_station": 2,
                "route_combine": [
                    {
                        "route_item_id": 0,
                        "route_detail_id": 3
                    },
                    {
                        "route_item_id": 1,
                        "route_detail_id": -1
                    }
                ]
            },
            {
                "duration": 90,
                "time_from": 385,
                "time_to": 475,
                "start_station": 1,
                "end_station": 2,
                "route_combine": [
                    {
                        "route_item_id": 0,
                        "route_detail_id": 4
                    },
                    {
                        "route_item_id": 1,
                        "route_detail_id": 1
                    }
                ]
            },
            {
                "duration": 105,
                "time_from": 395,
                "time_to": 500,
                "start_station": 1,
                "end_station": 2,
                "route_combine": [
                    {
                        "route_item_id": 0,
                        "route_detail_id": 5
                    },
                    {
                        "route_item_id": 1,
                        "route_detail_id": 2
                    }
                ]
            },
            {
                "duration": 130,
                "time_from": 385,
                "time_to": 450,
                "start_station": 1,
                "end_station": 2,
                "route_combine": [
                    {
                        "route_item_id": 0,
                        "route_detail_id": -1
                    },
                    {
                        "route_item_id": 1,
                        "route_detail_id": 3
                    }
                ]
            },
            {
                "duration": 85,
                "time_from": 450,
                "time_to": 535,
                "start_station": 1,
                "end_station": 2,
                "route_combine": [
                    {
                        "route_item_id": 0,
                        "route_detail_id": 6
                    },
                    {
                        "route_item_id": 1,
                        "route_detail_id": 4
                    }
                ]
            },
            {
                "duration": 95,
                "time_from": 475,
                "time_to": 570,
                "start_station": 1,
                "end_station": 2,
                "route_combine": [
                    {
                        "route_item_id": 0,
                        "route_detail_id": 7
                    },
                    {
                        "route_item_id": 1,
                        "route_detail_id": 5
                    }
                ]
            },
            {
                "duration": 90,
                "time_from": 500,
                "time_to": 590,
                "start_station": 1,
                "end_station": 2,
                "route_combine": [
                    {
                        "route_item_id": 0,
                        "route_detail_id": 8
                    },
                    {
                        "route_item_id": 1,
                        "route_detail_id": 6
                    }
                ]
            },
            {
                "duration": 80,
                "time_from": 530,
                "time_to": 610,
                "start_station": 1,
                "end_station": 2,
                "route_combine": [
                    {
                        "route_item_id": 0,
                        "route_detail_id": 9
                    },
                    {
                        "route_item_id": 1,
                        "route_detail_id": 7
                    }
                ]
            },
            {
                "duration": 80,
                "time_from": 560,
                "time_to": 640,
                "start_station": 1,
                "end_station": 2,
                "route_combine": [
                    {
                        "route_item_id": 0,
                        "route_detail_id": 10
                    },
                    {
                        "route_item_id": 1,
                        "route_detail_id": 8
                    }
                ]
            },
            {
                "duration": 105,
                "time_from": 565,
                "time_to": 670,
                "start_station": 1,
                "end_station": 2,
                "route_combine": [
                    {
                        "route_item_id": 0,
                        "route_detail_id": 11
                    },
                    {
                        "route_item_id": 1,
                        "route_detail_id": 9
                    }
                ]
            },
            {
                "duration": 80,
                "time_from": 610,
                "time_to": 690,
                "start_station": 1,
                "end_station": 2,
                "route_combine": [
                    {
                        "route_item_id": 0,
                        "route_detail_id": 12
                    },
                    {
                        "route_item_id": 1,
                        "route_detail_id": 10
                    }
                ]
            },
            {
                "duration": 80,
                "time_from": 630,
                "time_to": 710,
                "start_station": 1,
                "end_station": 2,
                "route_combine": [
                    {
                        "route_item_id": 0,
                        "route_detail_id": 13
                    },
                    {
                        "route_item_id": 1,
                        "route_detail_id": 11
                    }
                ]
            },
            {
                "duration": 80,
                "time_from": 650,
                "time_to": 730,
                "start_station": 1,
                "end_station": 2,
                "route_combine": [
                    {
                        "route_item_id": 0,
                        "route_detail_id": 14
                    },
                    {
                        "route_item_id": 1,
                        "route_detail_id": 12
                    }
                ]
            },
            {
                "duration": 80,
                "time_from": 670,
                "time_to": 750,
                "start_station": 1,
                "end_station": 2,
                "route_combine": [
                    {
                        "route_item_id": 0,
                        "route_detail_id": 15
                    },
                    {
                        "route_item_id": 1,
                        "route_detail_id": 13
                    }
                ]
            },
            {
                "duration": 80,
                "time_from": 690,
                "time_to": 770,
                "start_station": 1,
                "end_station": 2,
                "route_combine": [
                    {
                        "route_item_id": 0,
                        "route_detail_id": 16
                    },
                    {
                        "route_item_id": 1,
                        "route_detail_id": 14
                    }
                ]
            },
            {
                "duration": 80,
                "time_from": 710,
                "time_to": 790,
                "start_station": 1,
                "end_station": 2,
                "route_combine": [
                    {
                        "route_item_id": 0,
                        "route_detail_id": 17
                    },
                    {
                        "route_item_id": 1,
                        "route_detail_id": 15
                    }
                ]
            },
            {
                "duration": 80,
                "time_from": 730,
                "time_to": 810,
                "start_station": 1,
                "end_station": 2,
                "route_combine": [
                    {
                        "route_item_id": 0,
                        "route_detail_id": 18
                    },
                    {
                        "route_item_id": 1,
                        "route_detail_id": 16
                    }
                ]
            },
            {
                "duration": 105,
                "time_from": 725,
                "time_to": 830,
                "start_station": 1,
                "end_station": 2,
                "route_combine": [
                    {
                        "route_item_id": 0,
                        "route_detail_id": 19
                    },
                    {
                        "route_item_id": 1,
                        "route_detail_id": 17
                    }
                ]
            },
            {
                "duration": 80,
                "time_from": 770,
                "time_to": 850,
                "start_station": 1,
                "end_station": 2,
                "route_combine": [
                    {
                        "route_item_id": 0,
                        "route_detail_id": 20
                    },
                    {
                        "route_item_id": 1,
                        "route_detail_id": 18
                    }
                ]
            },
            {
                "duration": 80,
                "time_from": 790,
                "time_to": 870,
                "start_station": 1,
                "end_station": 2,
                "route_combine": [
                    {
                        "route_item_id": 0,
                        "route_detail_id": 21
                    },
                    {
                        "route_item_id": 1,
                        "route_detail_id": 19
                    }
                ]
            },
            {
                "duration": 80,
                "time_from": 810,
                "time_to": 890,
                "start_station": 1,
                "end_station": 2,
                "route_combine": [
                    {
                        "route_item_id": 0,
                        "route_detail_id": 22
                    },
                    {
                        "route_item_id": 1,
                        "route_detail_id": 20
                    }
                ]
            },
            {
                "duration": 105,
                "time_from": 805,
                "time_to": 910,
                "start_station": 1,
                "end_station": 2,
                "route_combine": [
                    {
                        "route_item_id": 0,
                        "route_detail_id": 23
                    },
                    {
                        "route_item_id": 1,
                        "route_detail_id": 21
                    }
                ]
            },
            {
                "duration": 80,
                "time_from": 850,
                "time_to": 930,
                "start_station": 1,
                "end_station": 2,
                "route_combine": [
                    {
                        "route_item_id": 0,
                        "route_detail_id": 24
                    },
                    {
                        "route_item_id": 1,
                        "route_detail_id": 22
                    }
                ]
            },
            {
                "duration": 80,
                "time_from": 870,
                "time_to": 950,
                "start_station": 1,
                "end_station": 2,
                "route_combine": [
                    {
                        "route_item_id": 0,
                        "route_detail_id": 25
                    },
                    {
                        "route_item_id": 1,
                        "route_detail_id": 23
                    }
                ]
            },
            {
                "duration": 80,
                "time_from": 890,
                "time_to": 970,
                "start_station": 1,
                "end_station": 2,
                "route_combine": [
                    {
                        "route_item_id": 0,
                        "route_detail_id": 26
                    },
                    {
                        "route_item_id": 1,
                        "route_detail_id": 24
                    }
                ]
            },
            {
                "duration": 80,
                "time_from": 910,
                "time_to": 990,
                "start_station": 1,
                "end_station": 2,
                "route_combine": [
                    {
                        "route_item_id": 0,
                        "route_detail_id": 27
                    },
                    {
                        "route_item_id": 1,
                        "route_detail_id": 25
                    }
                ]
            },
            {
                "duration": 80,
                "time_from": 930,
                "time_to": 1010,
                "start_station": 1,
                "end_station": 2,
                "route_combine": [
                    {
                        "route_item_id": 0,
                        "route_detail_id": 28
                    },
                    {
                        "route_item_id": 1,
                        "route_detail_id": 26
                    }
                ]
            },
            {
                "duration": 75,
                "time_from": 950,
                "time_to": 1025,
                "start_station": 1,
                "end_station": 2,
                "route_combine": [
                    {
                        "route_item_id": 0,
                        "route_detail_id": 29
                    },
                    {
                        "route_item_id": 1,
                        "route_detail_id": 27
                    }
                ]
            },
            {
                "duration": 70,
                "time_from": 970,
                "time_to": 1040,
                "start_station": 1,
                "end_station": 2,
                "route_combine": [
                    {
                        "route_item_id": 0,
                        "route_detail_id": 30
                    },
                    {
                        "route_item_id": 1,
                        "route_detail_id": 28
                    }
                ]
            },
            {
                "duration": 65,
                "time_from": 990,
                "time_to": 1055,
                "start_station": 1,
                "end_station": 2,
                "route_combine": [
                    {
                        "route_item_id": 0,
                        "route_detail_id": 31
                    },
                    {
                        "route_item_id": 1,
                        "route_detail_id": 29
                    }
                ]
            },
            {
                "duration": 65,
                "time_from": 1005,
                "time_to": 1070,
                "start_station": 1,
                "end_station": 2,
                "route_combine": [
                    {
                        "route_item_id": 0,
                        "route_detail_id": 32
                    },
                    {
                        "route_item_id": 1,
                        "route_detail_id": 30
                    }
                ]
            },
            {
                "duration": 65,
                "time_from": 1020,
                "time_to": 1085,
                "start_station": 1,
                "end_station": 2,
                "route_combine": [
                    {
                        "route_item_id": 0,
                        "route_detail_id": 33
                    },
                    {
                        "route_item_id": 1,
                        "route_detail_id": 31
                    }
                ]
            },
            {
                "duration": 65,
                "time_from": 1035,
                "time_to": 1100,
                "start_station": 1,
                "end_station": 2,
                "route_combine": [
                    {
                        "route_item_id": 0,
                        "route_detail_id": 34
                    },
                    {
                        "route_item_id": 1,
                        "route_detail_id": 32
                    }
                ]
            },
            {
                "duration": 65,
                "time_from": 1055,
                "time_to": 1120,
                "start_station": 1,
                "end_station": 2,
                "route_combine": [
                    {
                        "route_item_id": 0,
                        "route_detail_id": 35
                    },
                    {
                        "route_item_id": 1,
                        "route_detail_id": 33
                    }
                ]
            },
            {
                "duration": 85,
                "time_from": 1075,
                "time_to": 1160,
                "start_station": 1,
                "end_station": 2,
                "route_combine": [
                    {
                        "route_item_id": 0,
                        "route_detail_id": 36
                    },
                    {
                        "route_item_id": 1,
                        "route_detail_id": 34
                    }
                ]
            },
            {
                "duration": 120,
                "time_from": 1080,
                "time_to": 1200,
                "start_station": 1,
                "end_station": 2,
                "route_combine": [
                    {
                        "route_item_id": 0,
                        "route_detail_id": 37
                    },
                    {
                        "route_item_id": 1,
                        "route_detail_id": 35
                    }
                ]
            },
            {
                "duration": 60,
                "time_from": 1125,
                "time_to": 1155,
                "start_station": 1,
                "end_station": 2,
                "route_combine": [
                    {
                        "route_item_id": 0,
                        "route_detail_id": -1
                    },
                    {
                        "route_item_id": 1,
                        "route_detail_id": 36
                    }
                ]
            },
            {
                "duration": 115,
                "time_from": 1125,
                "time_to": 1240,
                "start_station": 1,
                "end_station": 2,
                "route_combine": [
                    {
                        "route_item_id": 0,
                        "route_detail_id": 38
                    },
                    {
                        "route_item_id": 1,
                        "route_detail_id": 37
                    }
                ]
            },
            {
                "duration": 85,
                "time_from": 1190,
                "time_to": 1275,
                "start_station": 1,
                "end_station": 2,
                "route_combine": [
                    {
                        "route_item_id": 0,
                        "route_detail_id": 39
                    },
                    {
                        "route_item_id": 1,
                        "route_detail_id": 38
                    }
                ]
            },
            {
                "duration": 70,
                "time_from": 1225,
                "time_to": 1295,
                "start_station": 1,
                "end_station": 2,
                "route_combine": [
                    {
                        "route_item_id": 0,
                        "route_detail_id": 40
                    },
                    {
                        "route_item_id": 1,
                        "route_detail_id": 39
                    }
                ]
            },
            {
                "duration": 70,
                "time_from": 1270,
                "time_to": 1340,
                "start_station": 1,
                "end_station": 2,
                "route_combine": [
                    {
                        "route_item_id": 0,
                        "route_detail_id": 41
                    },
                    {
                        "route_item_id": 1,
                        "route_detail_id": 40
                    }
                ]
            },
            {
                "duration": 60,
                "time_from": 1325,
                "time_to": 1355,
                "start_station": 1,
                "end_station": 2,
                "route_combine": [
                    {
                        "route_item_id": 0,
                        "route_detail_id": -1
                    },
                    {
                        "route_item_id": 1,
                        "route_detail_id": 41
                    }
                ]
            }
        ]
    },
    {
        "route_id": 4,
        "route_name": "3路",
        "content": [
            {
                "duration": 70,
                "time_from": 375,
                "time_to": 410,
                "start_station": 0,
                "end_station": 3,
                "route_combine": [
                    {
                        "route_item_id": 0,
                        "route_detail_id": -1
                    },
                    {
                        "route_item_id": 1,
                        "route_detail_id": 0
                    }
                ]
            },
            {
                "duration": 70,
                "time_from": 405,
                "time_to": 440,
                "start_station": 0,
                "end_station": 3,
                "route_combine": [
                    {
                        "route_item_id": 0,
                        "route_detail_id": -1
                    },
                    {
                        "route_item_id": 1,
                        "route_detail_id": 1
                    }
                ]
            },
            {
                "duration": 85,
                "time_from": 375,
                "time_to": 460,
                "start_station": 0,
                "end_station": 3,
                "route_combine": [
                    {
                        "route_item_id": 0,
                        "route_detail_id": 0
                    },
                    {
                        "route_item_id": 1,
                        "route_detail_id": 2
                    }
                ]
            },
            {
                "duration": 75,
                "time_from": 405,
                "time_to": 480,
                "start_station": 0,
                "end_station": 3,
                "route_combine": [
                    {
                        "route_item_id": 0,
                        "route_detail_id": 1
                    },
                    {
                        "route_item_id": 1,
                        "route_detail_id": 3
                    }
                ]
            },
            {
                "duration": 70,
                "time_from": 425,
                "time_to": 495,
                "start_station": 0,
                "end_station": 3,
                "route_combine": [
                    {
                        "route_item_id": 0,
                        "route_detail_id": 2
                    },
                    {
                        "route_item_id": 1,
                        "route_detail_id": 4
                    }
                ]
            },
            {
                "duration": 70,
                "time_from": 480,
                "time_to": 515,
                "start_station": 0,
                "end_station": 3,
                "route_combine": [
                    {
                        "route_item_id": 0,
                        "route_detail_id": -1
                    },
                    {
                        "route_item_id": 1,
                        "route_detail_id": 5
                    }
                ]
            },
            {
                "duration": 80,
                "time_from": 455,
                "time_to": 535,
                "start_station": 0,
                "end_station": 3,
                "route_combine": [
                    {
                        "route_item_id": 0,
                        "route_detail_id": 3
                    },
                    {
                        "route_item_id": 1,
                        "route_detail_id": 6
                    }
                ]
            },
            {
                "duration": 80,
                "time_from": 480,
                "time_to": 560,
                "start_station": 0,
                "end_station": 3,
                "route_combine": [
                    {
                        "route_item_id": 0,
                        "route_detail_id": 4
                    },
                    {
                        "route_item_id": 1,
                        "route_detail_id": 7
                    }
                ]
            },
            {
                "duration": 75,
                "time_from": 510,
                "time_to": 585,
                "start_station": 0,
                "end_station": 3,
                "route_combine": [
                    {
                        "route_item_id": 0,
                        "route_detail_id": 5
                    },
                    {
                        "route_item_id": 1,
                        "route_detail_id": 8
                    }
                ]
            },
            {
                "duration": 75,
                "time_from": 540,
                "time_to": 615,
                "start_station": 0,
                "end_station": 3,
                "route_combine": [
                    {
                        "route_item_id": 0,
                        "route_detail_id": 6
                    },
                    {
                        "route_item_id": 1,
                        "route_detail_id": 9
                    }
                ]
            },
            {
                "duration": 75,
                "time_from": 570,
                "time_to": 645,
                "start_station": 0,
                "end_station": 3,
                "route_combine": [
                    {
                        "route_item_id": 0,
                        "route_detail_id": 7
                    },
                    {
                        "route_item_id": 1,
                        "route_detail_id": 10
                    }
                ]
            },
            {
                "duration": 75,
                "time_from": 600,
                "time_to": 675,
                "start_station": 0,
                "end_station": 3,
                "route_combine": [
                    {
                        "route_item_id": 0,
                        "route_detail_id": 8
                    },
                    {
                        "route_item_id": 1,
                        "route_detail_id": 11
                    }
                ]
            },
            {
                "duration": 80,
                "time_from": 630,
                "time_to": 710,
                "start_station": 0,
                "end_station": 3,
                "route_combine": [
                    {
                        "route_item_id": 0,
                        "route_detail_id": 9
                    },
                    {
                        "route_item_id": 1,
                        "route_detail_id": 12
                    }
                ]
            },
            {
                "duration": 75,
                "time_from": 660,
                "time_to": 735,
                "start_station": 0,
                "end_station": 3,
                "route_combine": [
                    {
                        "route_item_id": 0,
                        "route_detail_id": 10
                    },
                    {
                        "route_item_id": 1,
                        "route_detail_id": 13
                    }
                ]
            },
            {
                "duration": 75,
                "time_from": 690,
                "time_to": 765,
                "start_station": 0,
                "end_station": 3,
                "route_combine": [
                    {
                        "route_item_id": 0,
                        "route_detail_id": 11
                    },
                    {
                        "route_item_id": 1,
                        "route_detail_id": 14
                    }
                ]
            },
            {
                "duration": 85,
                "time_from": 720,
                "time_to": 805,
                "start_station": 0,
                "end_station": 3,
                "route_combine": [
                    {
                        "route_item_id": 0,
                        "route_detail_id": 12
                    },
                    {
                        "route_item_id": 1,
                        "route_detail_id": 15
                    }
                ]
            },
            {
                "duration": 75,
                "time_from": 750,
                "time_to": 825,
                "start_station": 0,
                "end_station": 3,
                "route_combine": [
                    {
                        "route_item_id": 0,
                        "route_detail_id": 13
                    },
                    {
                        "route_item_id": 1,
                        "route_detail_id": 16
                    }
                ]
            },
            {
                "duration": 75,
                "time_from": 780,
                "time_to": 855,
                "start_station": 0,
                "end_station": 3,
                "route_combine": [
                    {
                        "route_item_id": 0,
                        "route_detail_id": 14
                    },
                    {
                        "route_item_id": 1,
                        "route_detail_id": 17
                    }
                ]
            },
            {
                "duration": 75,
                "time_from": 810,
                "time_to": 885,
                "start_station": 0,
                "end_station": 3,
                "route_combine": [
                    {
                        "route_item_id": 0,
                        "route_detail_id": 15
                    },
                    {
                        "route_item_id": 1,
                        "route_detail_id": 18
                    }
                ]
            },
            {
                "duration": 75,
                "time_from": 840,
                "time_to": 915,
                "start_station": 0,
                "end_station": 3,
                "route_combine": [
                    {
                        "route_item_id": 0,
                        "route_detail_id": 16
                    },
                    {
                        "route_item_id": 1,
                        "route_detail_id": 19
                    }
                ]
            },
            {
                "duration": 85,
                "time_from": 860,
                "time_to": 945,
                "start_station": 0,
                "end_station": 3,
                "route_combine": [
                    {
                        "route_item_id": 0,
                        "route_detail_id": 17
                    },
                    {
                        "route_item_id": 1,
                        "route_detail_id": 20
                    }
                ]
            },
            {
                "duration": 85,
                "time_from": 880,
                "time_to": 965,
                "start_station": 0,
                "end_station": 3,
                "route_combine": [
                    {
                        "route_item_id": 0,
                        "route_detail_id": 18
                    },
                    {
                        "route_item_id": 1,
                        "route_detail_id": 21
                    }
                ]
            },
            {
                "duration": 90,
                "time_from": 905,
                "time_to": 995,
                "start_station": 0,
                "end_station": 3,
                "route_combine": [
                    {
                        "route_item_id": 0,
                        "route_detail_id": 19
                    },
                    {
                        "route_item_id": 1,
                        "route_detail_id": 22
                    }
                ]
            },
            {
                "duration": 85,
                "time_from": 925,
                "time_to": 1010,
                "start_station": 0,
                "end_station": 3,
                "route_combine": [
                    {
                        "route_item_id": 0,
                        "route_detail_id": 20
                    },
                    {
                        "route_item_id": 1,
                        "route_detail_id": 23
                    }
                ]
            },
            {
                "duration": 85,
                "time_from": 945,
                "time_to": 1030,
                "start_station": 0,
                "end_station": 3,
                "route_combine": [
                    {
                        "route_item_id": 0,
                        "route_detail_id": 21
                    },
                    {
                        "route_item_id": 1,
                        "route_detail_id": 24
                    }
                ]
            },
            {
                "duration": 95,
                "time_from": 960,
                "time_to": 1055,
                "start_station": 0,
                "end_station": 3,
                "route_combine": [
                    {
                        "route_item_id": 0,
                        "route_detail_id": 22
                    },
                    {
                        "route_item_id": 1,
                        "route_detail_id": 25
                    }
                ]
            },
            {
                "duration": 100,
                "time_from": 980,
                "time_to": 1080,
                "start_station": 0,
                "end_station": 3,
                "route_combine": [
                    {
                        "route_item_id": 0,
                        "route_detail_id": 23
                    },
                    {
                        "route_item_id": 1,
                        "route_detail_id": 26
                    }
                ]
            },
            {
                "duration": 100,
                "time_from": 1000,
                "time_to": 1100,
                "start_station": 0,
                "end_station": 3,
                "route_combine": [
                    {
                        "route_item_id": 0,
                        "route_detail_id": 24
                    },
                    {
                        "route_item_id": 1,
                        "route_detail_id": 27
                    }
                ]
            },
            {
                "duration": 105,
                "time_from": 1015,
                "time_to": 1120,
                "start_station": 0,
                "end_station": 3,
                "route_combine": [
                    {
                        "route_item_id": 0,
                        "route_detail_id": 25
                    },
                    {
                        "route_item_id": 1,
                        "route_detail_id": 28
                    }
                ]
            },
            {
                "duration": 115,
                "time_from": 1030,
                "time_to": 1145,
                "start_station": 0,
                "end_station": 3,
                "route_combine": [
                    {
                        "route_item_id": 0,
                        "route_detail_id": 26
                    },
                    {
                        "route_item_id": 1,
                        "route_detail_id": 29
                    }
                ]
            },
            {
                "duration": 120,
                "time_from": 1045,
                "time_to": 1165,
                "start_station": 0,
                "end_station": 3,
                "route_combine": [
                    {
                        "route_item_id": 0,
                        "route_detail_id": 27
                    },
                    {
                        "route_item_id": 1,
                        "route_detail_id": 30
                    }
                ]
            },
            {
                "duration": 80,
                "time_from": 1060,
                "time_to": 1100,
                "start_station": 0,
                "end_station": 3,
                "route_combine": [
                    {
                        "route_item_id": 0,
                        "route_detail_id": 28
                    },
                    {
                        "route_item_id": 1,
                        "route_detail_id": -1
                    }
                ]
            },
            {
                "duration": 115,
                "time_from": 1080,
                "time_to": 1195,
                "start_station": 0,
                "end_station": 3,
                "route_combine": [
                    {
                        "route_item_id": 0,
                        "route_detail_id": 29
                    },
                    {
                        "route_item_id": 1,
                        "route_detail_id": 31
                    }
                ]
            },
            {
                "duration": 130,
                "time_from": 1100,
                "time_to": 1230,
                "start_station": 0,
                "end_station": 3,
                "route_combine": [
                    {
                        "route_item_id": 0,
                        "route_detail_id": 30
                    },
                    {
                        "route_item_id": 1,
                        "route_detail_id": 32
                    }
                ]
            },
            {
                "duration": 70,
                "time_from": 1125,
                "time_to": 1160,
                "start_station": 0,
                "end_station": 3,
                "route_combine": [
                    {
                        "route_item_id": 0,
                        "route_detail_id": 31
                    },
                    {
                        "route_item_id": 1,
                        "route_detail_id": -1
                    }
                ]
            },
            {
                "duration": 105,
                "time_from": 1165,
                "time_to": 1270,
                "start_station": 0,
                "end_station": 3,
                "route_combine": [
                    {
                        "route_item_id": 0,
                        "route_detail_id": 32
                    },
                    {
                        "route_item_id": 1,
                        "route_detail_id": 33
                    }
                ]
            },
            {
                "duration": 110,
                "time_from": 1200,
                "time_to": 1310,
                "start_station": 0,
                "end_station": 3,
                "route_combine": [
                    {
                        "route_item_id": 0,
                        "route_detail_id": 33
                    },
                    {
                        "route_item_id": 1,
                        "route_detail_id": 34
                    }
                ]
            },
            {
                "duration": 70,
                "time_from": 1240,
                "time_to": 1275,
                "start_station": 0,
                "end_station": 3,
                "route_combine": [
                    {
                        "route_item_id": 0,
                        "route_detail_id": 34
                    },
                    {
                        "route_item_id": 1,
                        "route_detail_id": -1
                    }
                ]
            },
            {
                "duration": 70,
                "time_from": 1275,
                "time_to": 1310,
                "start_station": 0,
                "end_station": 3,
                "route_combine": [
                    {
                        "route_item_id": 0,
                        "route_detail_id": 35
                    },
                    {
                        "route_item_id": 1,
                        "route_detail_id": -1
                    }
                ]
            }
        ]
    }
]