[
    {
        "route_id": 0,
        "route_name": "11 路",
        "route_item": [
            {
                "route_item_id": 0,
                "item_name": "11路去程 大成路口 → 城西里",
                "item_note": "備註內容說明：②：11路 大成路口→城西里(不經聖母廟夜市)。 ※平日行駛：指星期一～星期五行駛，但不含國定假日。※假日行駛：指星期六、日行駛，且包含國定假日。",
                "schedule": {
                    "title": [ "大成路口", "台南站", "海東國小"],
                    "content": [
                        {
                            "route_detail_id": 0,
                            "arrive_time": ["6:03:00", "6:05:00", "6:50:00"],
                            "schedule_note": "※平日行駛"
                        },
                        {
                            "route_detail_id": 1,
                            "arrive_time": ["6:08:00", "", "6:55:00"],
                            "schedule_note": "※假日行駛"               
                        }
                    ]
                }
            },
            {
                "route_item_id": 1,
                "item_name": "11路返程 城西里 → 大成路口",
                "item_note": "備註內容說明： ①：11路 城西里→火車站(北站) [區間]。 ②：11路 城西里→大成路口(不經聖母廟夜市)。 ③：11路 城西里→火車站(北站) [區間](不經聖母廟夜市)。 ※平日行駛：指星期一～星期五行駛，但不含國定假日。※假日行駛：指星期六、日行駛，且包含國定假日。",
                "schedule": {
                    "title": [ "城西里", "海東國小" ],
                    "content": [
                        {
                            "route_detail_id": 0,
                            "arrive_time": ["6:10:00", "6:30:00"],
                            "schedule_note": ""
                        },
                        {
                            "route_detail_id": 1,
                            "arrive_time": ["7:10:00", "7:30:00"],
                            "schedule_note": "※平日行駛"              
                        }
                    ]
                }         
            }
        ]
    },
    {
        "route_id": 1,
        "route_name": "12 路",
        "route_item": [
            {
                "route_item_id": 0,
                "item_name": "12路去程 大成路口 → 城西里",
                "item_note": "備註內容說明：②：12路 大成路口→城西里(不經聖母廟夜市)。 ※平日行駛：指星期一～星期五行駛，但不含國定假日。※假日行駛：指星期六、日行駛，且包含國定假日。",
                "schedule": {
                    "title": [ "大成路口", "台南站", "海東國小"],
                    "content": [
                        {
                            "route_detail_id": 0,
                            "arrive_time": ["6:03:00", "6:05:00", "6:50:00"],
                            "schedule_note": "※平日行駛"
                        },
                        {
                            "route_detail_id": 1,
                            "arrive_time": ["6:08:00", "", "6:55:00"],
                            "schedule_note": "※假日行駛"               
                        }
                    ]
                }
            },
            {
                "route_item_id": 1,
                "item_name": "12路返程 城西里 → 大成路口",
                "item_note": "備註內容說明： ①：12路 城西里→火車站(北站) [區間]。 ②：11路 城西里→大成路口(不經聖母廟夜市)。 ③：11路 城西里→火車站(北站) [區間](不經聖母廟夜市)。 ※平日行駛：指星期一～星期五行駛，但不含國定假日。※假日行駛：指星期六、日行駛，且包含國定假日。",
                "schedule": {
                    "title": [ "城西里", "海東國小" ],
                    "content": [
                        {
                            "route_detail_id": 0,
                            "arrive_time": ["6:10:00", "6:30:00"],
                            "schedule_note": ""
                        },
                        {
                            "route_detail_id": 1,
                            "arrive_time": ["7:10:00", "7:30:00"],
                            "schedule_note": "※平日行駛"              
                        }
                    ]
                }         
            }
        ]
    }
]